SiteId,BatchId,originalUrl,TargetURL,SourceType,jurisdiction,YellowBannerStatus
216535,743,https://us.tdm.ey.net/sites/5528f41dbf124b93a8a92531ea7d6d7b,https://eyus.sharepoint.com/sites/eyimdUSA-0045257-MM,US_INTRANET,United States,Completed
216536,743,https://us.tdm.ey.net/sites/2b3af9b6cc054d56931612f516db8cb6,https://eyus.sharepoint.com/sites/eyimdUSA-0045266-MM,US_INTRANET,United States,Completed
216537,743,https://us.tdm.ey.net/sites/47260865c9cb4aa4b52ac4a3ecac5a9b,https://eyus.sharepoint.com/sites/eyimdUSA-0045250-MM,US_INTRANET,United States,Completed
216538,743,https://us.tdm.ey.net/sites/3ac722bcfb294f8786c101cdacd80780,https://eyus.sharepoint.com/sites/eyimdUSA-0045248-MM,US_INTRANET,United States,Completed
216539,743,https://us.tdm.ey.net/sites/8b70531382b0404ba96d14d3be4d84c2,https://eyus.sharepoint.com/sites/eyimdUSA-0045254-MM,US_INTRANET,United States,Completed
216540,743,https://us.tdm.ey.net/sites/195470da333a43baa1f923006e6f99d3,https://eyus.sharepoint.com/sites/eyimdUSA-0045264-MM,US_INTRANET,United States,Completed
216541,743,https://us.tdm.ey.net/sites/bf19a0eba6014e9ba8eb22c6e0deeada,https://eyus.sharepoint.com/sites/eyimdUSA-0045258-MM,US_INTRANET,United States,Completed
216542,743,https://us.tdm.ey.net/sites/ae39ea05197f4060a6872e2281fc4020,https://eyus.sharepoint.com/sites/eyimdUSA-0045260-MM,US_INTRANET,United States,Completed
216543,743,https://us.tdm.ey.net/sites/607224453f894f6c9a2c7f6fafabe50a,https://eyus.sharepoint.com/sites/eyimdUSA-0045281-MM,US_INTRANET,United States,Completed
216544,743,https://us.eyonespace.ey.com/Sites/1307044d43ec49c094693e6f5c89e544/e61940619af64455b2c92c7d441f136d,,US_EXTRANET,United States,Completed
216545,743,https://us.tdm.ey.net/sites/6ad3d1fb3fab4ccba4b25ed55efb71ad,https://eyus.sharepoint.com/sites/eyimdUSA-0045261-MM,US_INTRANET,United States,Completed
216546,743,https://us.tdm.ey.net/sites/d9d2b249dd0643979a71e20dc206749c,https://eyus.sharepoint.com/sites/eyimdUSA-0045259-MM,US_INTRANET,United States,Completed
216547,743,https://us.tdm.ey.net/sites/cd8f53ed07b448608ffecaf0171167a0,https://eyus.sharepoint.com/sites/eyimdUSA-0045256-MM,US_INTRANET,United States,Completed
216548,743,https://us.eyonespace.ey.com/Sites/0be7ae74577f402ab16a6f2e61c4b133/f682f15a8da849169e749b64ffa5fbac,,US_EXTRANET,United States,Completed
216549,743,https://us.eyonespace.ey.com/Sites/16dabac7aef94d7094c4e830454d2991/50c181728f6e49b49ac27ddee3feb7c8,,US_EXTRANET,United States,Completed
216550,743,https://us.tdm.ey.net/sites/a8353d1ad4d44da88bcf6d932abe941d,https://eyus.sharepoint.com/sites/eyimdUSA-0045262-MM,US_INTRANET,United States,Completed
216551,743,https://us.tdm.ey.net/sites/cbb1ab4d8ead49d894d88870902be2d2,https://eyus.sharepoint.com/sites/eyimdUSA-0045265-MM,US_INTRANET,United States,Completed
216553,743,https://us.tdm.ey.net/sites/ee3e9c7b74e64e499a3d09974697c59d,https://eyus.sharepoint.com/sites/eyimdUSA-0045278-MM,US_INTRANET,United States,Completed
216554,743,https://us.tdm.ey.net/sites/ee522b30a5174a2197bd859c5150bc84,https://eyus.sharepoint.com/sites/eyimdUSA-0045270-MM,US_INTRANET,United States,Completed
216555,743,https://us.tdm.ey.net/sites/a409ec78862d44cdac319af3de622b5c,https://eyus.sharepoint.com/sites/eyimdUSA-0045271-MM,US_INTRANET,United States,Completed
216556,743,https://us.tdm.ey.net/sites/c362a49bea7443a1b5ebab0269d21ac2,https://eyus.sharepoint.com/sites/eyimdUSA-0045280-MM,US_INTRANET,United States,Completed
216557,743,https://us.tdm.ey.net/sites/81a44d2931d8455eaf320fecf0d26abb,https://eyus.sharepoint.com/sites/eyimdUSA-0045269-MM,US_INTRANET,United States,Completed
216558,743,https://us.tdm.ey.net/sites/de309c79f4de47ca87d1e125fe8b964a,https://eyus.sharepoint.com/sites/eyimdUSA-0045310-MM,US_INTRANET,United States,Completed
216559,743,https://us.tdm.ey.net/sites/921d4a9667954fc581e20372fa9180f4,https://eyus.sharepoint.com/sites/eyimdUSA-0045273-MM,US_INTRANET,United States,Completed
216560,743,https://us.tdm.ey.net/sites/30a6ab95dc8a4d8f9800bcaa3f0db677,https://eyus.sharepoint.com/sites/eyimdUSA-0045274-MM,US_INTRANET,United States,Completed
216561,743,https://us.eyonespace.ey.com/Sites/452d3c78901b43f091bf26d550e62761/dc96cced1c9b45fb9756b162fb569ef8,,US_EXTRANET,United States,Completed
216562,743,https://us.tdm.ey.net/sites/9285f9cabe7c4a1f81f897d16da8c69c,https://eyus.sharepoint.com/sites/eyimdUSA-0045279-MM,US_INTRANET,United States,Completed
216563,743,https://us.eyonespace.ey.com/Sites/8265d90408e744529810fbc41ca986d6/9be0339c5d2c477589cc0b5ce2fbb7a0,,US_EXTRANET,United States,Completed
216564,743,https://us.tdm.ey.net/sites/c5483f22fe9d4cc597d2f0c477fe06be,https://eyus.sharepoint.com/sites/eyimdUSA-0045572-MM,US_INTRANET,United States,Completed
216565,743,https://us.tdm.ey.net/sites/23c6c0c5a65c4b89ab02beeca447ee6b,https://eyus.sharepoint.com/sites/eyimdUSA-0045294-MM,US_INTRANET,United States,Completed
216566,743,https://us.tdm.ey.net/sites/ea9ece28ac78423cb757d883576858d8,https://eyus.sharepoint.com/sites/eyimdUSA-0045573-MM,US_INTRANET,United States,Completed
216567,743,https://us.tdm.ey.net/sites/47ff93bceba14b37a33265a16459e50e,https://eyus.sharepoint.com/sites/eyimdUSA-0045297-MM,US_INTRANET,United States,Completed
216570,743,https://us.tdm.ey.net/sites/fed60e7c5a09472f8e15ade19375d134,https://eyus.sharepoint.com/sites/eyimdUSA-0045540-MM,US_INTRANET,United States,Completed
216572,743,https://us.tdm.ey.net/sites/f7a7201247e940fdb30aca8148cc013f,https://eyus.sharepoint.com/sites/eyimdUSA-0045552-MM,US_INTRANET,United States,Completed
216573,743,https://us.tdm.ey.net/sites/d97f9072c0bd42afbbdea432a84d06fc,https://eyus.sharepoint.com/sites/eyimdUSA-0045577-MM,US_INTRANET,United States,Completed
216574,743,https://us.tdm.ey.net/sites/235c608799ad4b6281d8a00f7690ce57,https://eyus.sharepoint.com/sites/eyimdUSA-0045292-MM,US_INTRANET,United States,Completed
216575,743,https://us.tdm.ey.net/sites/16bee203912844febdfd5e6fd2a64746,https://eyus.sharepoint.com/sites/eyimdUSA-0045295-MM,US_INTRANET,United States,Completed
216576,743,https://us.eyonespace.ey.com/Sites/a006d28fd3144fa9822d2487cef02b51/2aa0fa094602441298efe82e283cc751,,US_EXTRANET,United States,Completed
216577,743,https://us.tdm.ey.net/sites/f426e7da0c2d4ec9891093587bcedaaa,,US_INTRANET,United States,Completed
216578,743,https://us.tdm.ey.net/sites/624248d79d7d4897bdd6788c798c092a,https://eyus.sharepoint.com/sites/eyimdUSA-0045300-MM,US_INTRANET,United States,Completed
216580,743,https://us.eyonespace.ey.com/Sites/40486a0166e749c1966e2eaab9f905ef/303d3e9fd892416abb2e84dc8d3d655d,,US_EXTRANET,United States,Completed
216581,743,https://us.tdm.ey.net/sites/da5c39e3e30749be97a0fcc4c18d280e,https://eyus.sharepoint.com/sites/eyimdUSA-0045555-MM,US_INTRANET,United States,Completed
216582,743,https://us.eyonespace.ey.com/Sites/07ad9647a4734731b8c7f6844a0076e4,https://eyus.sharepoint.com/sites/eyimdUSA-0045309-MM,US_EXTRANET,United States,Completed
216583,743,https://us.tdm.ey.net/sites/377b23da057240ecbc394bae976cd93c,https://eyus.sharepoint.com/sites/eyimdUSA-0045303-MM,US_INTRANET,United States,Completed
216584,743,https://us.tdm.ey.net/sites/ffdea3f042c348cab0f4de2080e1c7dd,https://eyus.sharepoint.com/sites/eyimdUSA-0045568-MM,US_INTRANET,United States,Completed
216585,743,https://us.tdm.ey.net/sites/76c00273dd7f4e7dac4eeb6bf0b1c49e,https://eyus.sharepoint.com/sites/eyimdUSA-0045298-MM,US_INTRANET,United States,Completed
216586,743,https://us.eyonespace.ey.com/Sites/ff10f391c3844943a209a4fbc5a4f315/4c252a6ad57b442d92566fb42faa616b,,US_EXTRANET,United States,Completed
216587,743,https://us.tdm.ey.net/sites/3e5a01cb1bda4a789d0172d441fa01b2,https://eyus.sharepoint.com/sites/eyimdUSA-0045301-MM,US_INTRANET,United States,Completed
216588,743,https://us.eyonespace.ey.com/Sites/c735518f7a9b49499842c89444fb2b17/986f93c00d094e1aa319fb0f422e83b7,,US_EXTRANET,United States,Completed
216589,743,https://us.eyonespace.ey.com/Sites/c994180c06004c1992b27d99f337d23b/41a125e06e5247dc9b68a77292571053,,US_EXTRANET,United States,Completed
216590,743,https://us.tdm.ey.net/sites/0a9d650aae164e1faacfeecca0f87076,,US_INTRANET,United States,Completed
216591,743,https://us.tdm.ey.net/sites/bb81727467c849c08ddd4854aa8f02a2,https://eyus.sharepoint.com/sites/eyimdUSA-0045565-MM,US_INTRANET,United States,Completed
216592,743,https://us.eyonespace.ey.com/Sites/1424d551c56c42f2b9d0928513d5ccc8/68f5699aa13f40c3abe842fe9d1059a1,,US_EXTRANET,United States,Completed
216595,743,https://us.eyonespace.ey.com/Sites/a5149c1e6a934c6b93968a6eb6b7ec7c,,US_EXTRANET,United States,Completed
216596,743,https://us.tdm.ey.net/sites/cdc8181957a044b0bc072a65108269db,,US_INTRANET,United States,Completed
216597,743,https://us.tdm.ey.net/sites/cc95515ede854dc9a76adfb60048cdde,https://eyus.sharepoint.com/sites/eyimdUSA-0045564-MM,US_INTRANET,United States,Completed
216598,743,https://us.tdm.ey.net/sites/b357d284855348a3b5fe87c78ff85f4a,,US_INTRANET,United States,Completed
216599,743,https://us.tdm.ey.net/sites/45361da89bf6489ea14b5ecac2846c31,https://eyus.sharepoint.com/sites/eyimdUSA-0045308-MM,US_INTRANET,United States,Completed
216600,743,https://us.tdm.ey.net/sites/8bdf7431f4dd45c1a0386779d7220599,https://eyus.sharepoint.com/sites/eyimdUSA-0045561-MM,US_INTRANET,United States,Completed
216601,743,https://us.eyonespace.ey.com/Sites/c8702d1dd76e48818b06b87ea41c5ab6/844354fb8ff9431aa7c1a5b7a9ad1844,,US_EXTRANET,United States,Completed
216603,743,https://us.tdm.ey.net/sites/a995b7886789495a9ef9ee605a51c32e,https://eyus.sharepoint.com/sites/eyimdUSA-0045586-MM,US_INTRANET,United States,Completed
216605,743,https://us.tdm.ey.net/sites/349230689f184a4888b9f5ff5584a922,https://eyus.sharepoint.com/sites/eyimdUSA-0045316-MM,US_INTRANET,United States,Completed
216606,743,https://us.eyonespace.ey.com/Sites/fe3c321c1a26472ab5afa272ba2390c3/83a8c925e7bf416d85825002eaa4c09a,,US_EXTRANET,United States,Completed
216607,743,https://us.tdm.ey.net/sites/3fdf2f1445ac49d2b8d37bf149cce17d,https://eyus.sharepoint.com/sites/eyimdUSA-0045315-MM,US_INTRANET,United States,Completed
216608,743,https://us.tdm.ey.net/sites/02032191e29840eebf409069292afb5a,https://eyus.sharepoint.com/sites/eyimdUSA-0045332-MM,US_INTRANET,United States,Completed
216609,743,https://us.tdm.ey.net/sites/6dcae0683a0642cf8b1a2ad47b1b8a5f,https://eyus.sharepoint.com/sites/eyimdUSA-0045304-MM,US_INTRANET,United States,Completed
216611,743,https://us.tdm.ey.net/sites/4736c6936b55427fa9c65e6ac4059d0b,https://eyus.sharepoint.com/sites/eyimdUSA-0045314-MM,US_INTRANET,United States,Completed
216612,744,https://us.tdm.ey.net/sites/8ed82c9a6a2c4880aff8079ee6cc705d,https://eyus.sharepoint.com/sites/eyimdUSA-0046076-MM,US_INTRANET,United States,Completed
216613,744,https://us.tdm.ey.net/sites/33beb0cdf39d4f98859bdd2648054a38,https://eyus.sharepoint.com/sites/eyimdUSA-0045796-MM,US_INTRANET,United States,Completed
216614,744,https://us.tdm.ey.net/sites/13e50179cbd647dda75a0c8147cffd83,https://eyus.sharepoint.com/sites/eyimdUSA-0045795-MM,US_INTRANET,United States,Completed
216615,744,https://us.tdm.ey.net/sites/2ebf0a38aaff45b2863852c8b04469ff,https://eyus.sharepoint.com/sites/eyimdUSA-0045802-MM,US_INTRANET,United States,Completed
216616,744,https://us.tdm.ey.net/sites/784833536e4940218e2ff484a040a639,https://eyus.sharepoint.com/sites/eyimdUSA-0045945-MM,US_INTRANET,United States,Completed
216617,744,https://us.tdm.ey.net/sites/85ff535994b748bd96aeb248203b691e,https://eyus.sharepoint.com/sites/eyimdUSA-0046078-MM,US_INTRANET,United States,Completed
216618,744,https://us.tdm.ey.net/sites/429bb7224d444dea8a5ebbae0b448abe,https://eyus.sharepoint.com/sites/eyimdUSA-0045836-MM,US_INTRANET,United States,Completed
216619,744,https://us.eyonespace.ey.com/Sites/1fd8fd729a11492d8315f25c851cf0be,,US_EXTRANET,United States,Completed
216620,744,https://us.tdm.ey.net/sites/ca386960a0fa42f1994046cbbc67b0fe,https://eyus.sharepoint.com/sites/eyimdUSA-0046103-MM,US_INTRANET,United States,Completed
216621,744,https://us.tdm.ey.net/sites/4c8a352c9f6548868307bb3c80dd596a,https://eyus.sharepoint.com/sites/eyimdUSA-0045837-MM,US_INTRANET,United States,Completed
216622,744,https://us.tdm.ey.net/sites/abc15a08f95c4c3888ff42891874d64e,https://eyus.sharepoint.com/sites/eyimdUSA-0046101-MM,US_INTRANET,United States,Completed
216623,744,https://us.eyonespace.ey.com/Sites/cc687b77a7494dd8b1f3dfcf63a5fb5f,,US_EXTRANET,United States,Completed
216624,744,https://us.eyonespace.ey.com/Sites/387bb5dff4074f6888dd93b3cbeac313/a51210f39b8148babf3da1240d30db00,,US_EXTRANET,United States,Completed
216625,744,https://us.tdm.ey.net/sites/80070352cc2d429d9bba4d54ee7b167d,https://eyus.sharepoint.com/sites/eyimdUSA-0046110-MM,US_INTRANET,United States,Completed
216626,744,https://us.tdm.ey.net/sites/fbbd9ff047b14657a5fa44737a026a13,https://eyus.sharepoint.com/sites/eyimdUSA-0045946-MM,US_INTRANET,United States,Completed
216627,744,https://us.tdm.ey.net/sites/1d81669210ce4baeb20f09044b74afd6,https://eyus.sharepoint.com/sites/eyimdUSA-0045833-MM,US_INTRANET,United States,Completed
216628,744,https://us.tdm.ey.net/sites/8581ef1d456c4170907174c53d73cd03,https://eyus.sharepoint.com/sites/eyimdUSA-0046081-MM,US_INTRANET,United States,Completed
216629,744,https://us.tdm.ey.net/sites/0553524173304ad799b5273407c24911,https://eyus.sharepoint.com/sites/eyimdUSA-0045849-MM,US_INTRANET,United States,Completed
216630,744,https://us.tdm.ey.net/sites/34ea96b8fa5b4b77a226d9312f261ddc,https://eyus.sharepoint.com/sites/eyimdUSA-0045843-MM,US_INTRANET,United States,Completed
216631,744,https://us.tdm.ey.net/sites/54d46f6df870417cb141509013de01c7,https://eyus.sharepoint.com/sites/eyimdUSA-0045813-MM,US_INTRANET,United States,Completed
216632,744,https://us.eyonespace.ey.com/Sites/0d01af45c86d46468c4ed243fe7a6e96/3236957eee464deab4e10165f5e7c5ec,,US_EXTRANET,United States,Completed
216633,744,https://us.tdm.ey.net/sites/0ae07b34424a4a46bbd24524f27fd67c,https://eyus.sharepoint.com/sites/eyimdUSA-0045803-MM,US_INTRANET,United States,Completed
216634,744,https://us.tdm.ey.net/sites/0c243a676ffa4659ae9871de1f0862a7,https://eyus.sharepoint.com/sites/eyimdUSA-0045812-MM,US_INTRANET,United States,Completed
216635,744,https://us.tdm.ey.net/sites/116d59ba1c5945f29fec67ccb2476d8d,https://eyus.sharepoint.com/sites/eyimdUSA-0045842-MM,US_INTRANET,United States,Completed
216636,744,https://us.eyonespace.ey.com/Sites/b34a9a0d19534949a6429784b956c35c,https://eyus.sharepoint.com/sites/eyimdUSA-0045804-MM,US_EXTRANET,United States,Completed
216637,744,https://us.tdm.ey.net/sites/bc547e2da9b341b28e0b294b353e0f05,https://eyus.sharepoint.com/sites/eyimdUSA-0046073-MM,US_INTRANET,United States,Completed
216638,744,https://us.tdm.ey.net/sites/4e65effc74ae498aa8f766b03e09c798,https://eyus.sharepoint.com/sites/eyimdUSA-0045845-MM,US_INTRANET,United States,Completed
216639,744,https://us.tdm.ey.net/sites/df46395354a444699f5a2f3a47f16867,https://eyus.sharepoint.com/sites/eyimdUSA-0045948-MM,US_INTRANET,United States,Completed
216640,744,https://us.tdm.ey.net/sites/5a6654a5d4c54f4199bc4dae9d9cd169,https://eyus.sharepoint.com/sites/eyimdUSA-0045943-MM,US_INTRANET,United States,Completed
216642,744,https://us.tdm.ey.net/sites/22c8e451b8eb4ac882d1e496cb375484,https://eyus.sharepoint.com/sites/eyimdUSA-0045810-MM,US_INTRANET,United States,Completed
216643,744,https://us.eyonespace.ey.com/Sites/dd80c3e167ed4542ac085c12684e77fd,,US_EXTRANET,United States,Completed
216644,744,https://us.tdm.ey.net/sites/b9fd7379d0c14841a93c57b9fa4ae8f6,https://eyus.sharepoint.com/sites/eyimdUSA-0045950-MM,US_INTRANET,United States,Completed
216645,744,https://us.tdm.ey.net/sites/f2aad190a03f45628ad2833575e28aa2,https://eyus.sharepoint.com/sites/eyimdUSA-0046111-MM,US_INTRANET,United States,Completed
216646,744,https://us.tdm.ey.net/sites/2baafbc4d76f497ba015f8d504302af4,https://eyus.sharepoint.com/sites/eyimdUSA-0046650-MM,US_INTRANET,United States,Completed
216647,744,https://us.tdm.ey.net/sites/2b1128d27f324d32bb1663c94aed09e3,https://eyus.sharepoint.com/sites/eyimdUSA-0045851-MM,US_INTRANET,United States,Completed
216648,744,https://us.tdm.ey.net/sites/e9fc60d7bc8d4ca18483e900185cc816,,US_INTRANET,United States,Completed
216649,744,https://us.tdm.ey.net/sites/48a060bbb89c4735807f3e8f9ec1f711,https://eyus.sharepoint.com/sites/eyimdUSA-0045818-MM,US_INTRANET,United States,Completed
216650,744,https://us.tdm.ey.net/sites/fa483d30d8dd47b5bd3d292796f3bbff,https://eyus.sharepoint.com/sites/eyimdUSA-0046117-MM,US_INTRANET,United States,Completed
216651,744,https://us.tdm.ey.net/sites/95f10f7ba56c4d7eaed02035f5c91245,,US_INTRANET,United States,Completed
216652,744,https://us.tdm.ey.net/sites/e84baed542c9408095cbfc925a8a3cc7,https://eyus.sharepoint.com/sites/eyimdUSA-0045959-MM,US_INTRANET,United States,Completed
216653,744,https://us.eyonespace.ey.com/Sites/5c0006e42e364c11ac583b8a137b4c2f,,US_EXTRANET,United States,Completed
216654,744,https://us.tdm.ey.net/sites/c71080bca9324257bf06e00fea8cbeb2,https://eyus.sharepoint.com/sites/eyimdUSA-0045962-MM,US_INTRANET,United States,Completed
216655,744,https://us.tdm.ey.net/sites/d3d704b728f749d2bb7d738db8c35bbf,https://eyus.sharepoint.com/sites/eyimdUSA-0045947-MM,US_INTRANET,United States,Completed
216656,744,https://us.tdm.ey.net/sites/27d86433ec164de0824d55be783443dd,https://eyus.sharepoint.com/sites/eyimdUSA-0045850-MM,US_INTRANET,United States,Completed
216657,744,https://us.tdm.ey.net/sites/00bd682db37e4491bfe573d1639d6834,https://eyus.sharepoint.com/sites/eyimdUSA-0045857-MM,US_INTRANET,United States,Completed
216658,744,https://us.tdm.ey.net/sites/edb4c8030fd243d19d8f4bab3c742a39,https://eyus.sharepoint.com/sites/eyimdUSA-0046124-MM,US_INTRANET,United States,Completed
216659,744,https://us.tdm.ey.net/sites/a83c7ddaf546493189083d8cd9418159,https://eyus.sharepoint.com/sites/eyimdUSA-0045955-MM,US_INTRANET,United States,Completed
216660,744,https://us.tdm.ey.net/sites/b79f92f365f4467695ee332317b1ce79,https://eyus.sharepoint.com/sites/eyimdUSA-0045957-MM,US_INTRANET,United States,Completed
216661,744,https://us.tdm.ey.net/sites/124d37486f8848fc895f3cefe009bbed,https://eyus.sharepoint.com/sites/eyimdUSA-0045816-MM,US_INTRANET,United States,Completed
216662,744,https://us.tdm.ey.net/sites/74475ab7756f49e8ae42d3416c8d2625,https://eyus.sharepoint.com/sites/eyimdUSA-0045954-MM,US_INTRANET,United States,Completed
216663,744,https://us.tdm.ey.net/sites/49a093b7c87b472699e7e8971e44ffaa,https://eyus.sharepoint.com/sites/eyimdUSA-0045817-MM,US_INTRANET,United States,Completed
216664,744,https://us.tdm.ey.net/sites/9ee91356d3844023948730a147c17b34,https://eyus.sharepoint.com/sites/eyimdUSA-0045953-MM,US_INTRANET,United States,Completed
216665,744,https://us.tdm.ey.net/sites/2426395dda0443b08a881ef71d5381f5,https://eyus.sharepoint.com/sites/eyimdUSA-0045820-MM,US_INTRANET,United States,Completed
216666,744,https://us.eyonespace.ey.com/Sites/ef233cdd721144e7a817420bff70a6ef/bac5c056e3cb4aafa335fd3e6b93c634,,US_EXTRANET,United States,Completed
216667,744,https://us.tdm.ey.net/sites/6530d42d58fe4bf7a9af5bd8aaf6ef7a,https://eyus.sharepoint.com/sites/eyimdUSA-0045952-MM,US_INTRANET,United States,Completed
216669,744,https://us.tdm.ey.net/sites/8879e83ebf69402eb2e754dd36c2f8f9,,US_INTRANET,United States,Completed
216670,744,https://us.tdm.ey.net/sites/af99244728344e5cbec973d2b52324d4,https://eyus.sharepoint.com/sites/eyimdUSA-0046125-MM,US_INTRANET,United States,Completed
216671,744,https://us.tdm.ey.net/sites/967830d1a0a94841bf687940153a52ae,https://eyus.sharepoint.com/sites/eyimdUSA-0046123-MM,US_INTRANET,United States,Completed
216672,744,https://us.tdm.ey.net/sites/183c1d6c89424434adcb9c6bf80859f2,,US_INTRANET,United States,Completed
216673,744,https://us.tdm.ey.net/sites/ab18701cba3440b3802cc0cf6c475aec,https://eyus.sharepoint.com/sites/eyimdUSA-0045960-MM,US_INTRANET,United States,Completed
216674,744,https://us.tdm.ey.net/sites/ae04a03687374cd58ab377352d29780d,https://eyus.sharepoint.com/sites/eyimdUSA-0046141-MM,US_INTRANET,United States,Completed
216675,744,https://us.tdm.ey.net/sites/3a26dd4752534118be0fc83c9a24a5d8,https://eyus.sharepoint.com/sites/eyimdUSA-0046661-MM,US_INTRANET,United States,Completed
216676,744,https://us.tdm.ey.net/sites/7d09badf7fe144bbb2c0a7a441377396,https://eyus.sharepoint.com/sites/eyimdUSA-0045961-MM,US_INTRANET,United States,Completed
216677,744,https://us.tdm.ey.net/sites/31881db1de324188a3f37ba43460775c,https://eyus.sharepoint.com/sites/eyimdUSA-0045814-MM,US_INTRANET,United States,Completed
216678,744,https://us.tdm.ey.net/sites/32fd864a9f0e451d81fdac782fc4f2b5,https://eyus.sharepoint.com/sites/eyimdUSA-0045822-MM,US_INTRANET,United States,Completed
216679,744,https://us.tdm.ey.net/sites/721914b73e574e7a9bd64093c8baf18c,https://eyus.sharepoint.com/sites/eyimdUSA-0045956-MM,US_INTRANET,United States,Completed
216681,744,https://us.tdm.ey.net/sites/cdb3745229354c558de1f8706ec7affb,https://eyus.sharepoint.com/sites/eyimdUSA-0045971-MM,US_INTRANET,United States,Completed
216682,744,https://us.tdm.ey.net/sites/4f3accbff1ba470b91562cc3bc515421,,US_INTRANET,United States,Completed
216683,744,https://us.eyonespace.ey.com/Sites/5b62f83cfed54114b444ac97987d10f4,,US_EXTRANET,United States,Completed
216685,744,https://us.tdm.ey.net/sites/ace387b6be2f47599b8dbe9893f3a780,https://eyus.sharepoint.com/sites/eyimdUSA-0046149-MM,US_INTRANET,United States,Completed
216686,744,https://us.eyonespace.ey.com/Sites/8788c55d882f43719b86d7c9bbd71d77,,US_EXTRANET,United States,Completed
216687,744,https://us.tdm.ey.net/sites/172452780ad14b02b95295ed1036bf32,https://eyus.sharepoint.com/sites/eyimdUSA-0045880-MM,US_INTRANET,United States,Completed
216688,744,https://us.tdm.ey.net/sites/61f97e3880814c0986697015ade5e62d,https://eyus.sharepoint.com/sites/eyimdUSA-0045967-MM,US_INTRANET,United States,Completed
216689,744,https://us.tdm.ey.net/sites/3a693623ee5b4e17b1de28517ba70778,https://eyus.sharepoint.com/sites/eyimdUSA-0045829-MM,US_INTRANET,United States,Completed
216690,744,https://us.tdm.ey.net/sites/82f116776ad34cd2a9c79ec120b6687f,https://eyus.sharepoint.com/sites/eyimdUSA-0046138-MM,US_INTRANET,United States,Completed
216691,744,https://us.tdm.ey.net/sites/5dcafe86819e49978130aa51c4d2a50f,https://eyus.sharepoint.com/sites/eyimdUSA-0045964-MM,US_INTRANET,United States,Completed
216692,744,https://us.tdm.ey.net/sites/dc71c6c77d1348668014f3cea607a23b,,US_INTRANET,United States,Completed
216693,744,https://us.tdm.ey.net/sites/38782dc7b0204d25b511cfed787c4aeb,https://eyus.sharepoint.com/sites/eyimdUSA-0045875-MM,US_INTRANET,United States,Completed
216694,744,https://us.eyonespace.ey.com/Sites/4c8810d6897a45119918fcd952363908/9d9e1a719e5943b1b79062b58202b61d,,US_EXTRANET,United States,Completed
216697,744,https://us.eyonespace.ey.com/Sites/5228912fed67417ca7aac9a7e5d88021,https://eyus.sharepoint.com/sites/eyimdUSA-0045890-MM,US_EXTRANET,United States,Completed
216698,744,https://us.tdm.ey.net/sites/c60779463cfb4c1d8df5b8ebdbdd4507,https://eyus.sharepoint.com/sites/eyimdUSA-0045968-MM,US_INTRANET,United States,Completed
216699,744,https://us.tdm.ey.net/sites/a54d9a1ad5f54746870bb597a70884c2,https://eyus.sharepoint.com/sites/eyimdUSA-0046145-MM,US_INTRANET,United States,Completed
216700,744,https://us.tdm.ey.net/sites/accde18a748d481dbf9c806981de620c,https://eyus.sharepoint.com/sites/eyimdUSA-0046154-MM,US_INTRANET,United States,Completed
216702,744,https://us.tdm.ey.net/sites/2d9082d92d964612a14b85ea56d46327,https://eyus.sharepoint.com/sites/eyimdUSA-0045876-MM,US_INTRANET,United States,Completed
216703,744,https://us.tdm.ey.net/sites/6e8e09531d6c48749fe04857642218e3,https://eyus.sharepoint.com/sites/eyimdUSA-0046146-MM,US_INTRANET,United States,Completed
216704,744,https://us.eyonespace.ey.com/Sites/01ba65a8087c4cbabc312c4dc51a9b5c/44739d20295c4975969cef3079d5e164,,US_EXTRANET,United States,Completed
216705,744,https://us.tdm.ey.net/sites/3c56a6070dbf4e4bb90921d653c7e739,https://eyus.sharepoint.com/sites/eyimdUSA-0046485-MM,US_INTRANET,United States,Completed
216706,744,https://us.tdm.ey.net/sites/5f06c4106ed04753825de25ee9b41be1,https://eyus.sharepoint.com/sites/eyimdUSA-0045970-MM,US_INTRANET,United States,Completed
216707,744,https://us.tdm.ey.net/sites/23395f9428a240c28493d6d34b6a83e5,https://eyus.sharepoint.com/sites/eyimdUSA-0045828-MM,US_INTRANET,United States,Completed
216708,744,https://us.tdm.ey.net/sites/8f23bd0bc23d4dc99442613e03b01db9,https://eyus.sharepoint.com/sites/eyimdUSA-0046153-MM,US_INTRANET,United States,Completed
216709,744,https://us.tdm.ey.net/sites/b87d602616d44f6792e6e1eab343dc3e,https://eyus.sharepoint.com/sites/eyimdUSA-0046173-MM,US_INTRANET,United States,Completed
216710,744,https://us.tdm.ey.net/sites/27904211ca754a34bc747acc1079c1dc,https://eyus.sharepoint.com/sites/eyimdUSA-0045841-MM,US_INTRANET,United States,Completed
216711,744,https://us.tdm.ey.net/sites/e8e204b69dbf43b48535d629069286fd,https://eyus.sharepoint.com/sites/eyimdUSA-0045963-MM,US_INTRANET,United States,Completed
216712,744,https://us.tdm.ey.net/sites/750d334bcf964226910f58f0a5b93a0c,https://eyus.sharepoint.com/sites/eyimdUSA-0045979-MM,US_INTRANET,United States,Completed
216714,744,https://us.tdm.ey.net/sites/6a693eb76ac44c88a5dd1adea88de0ee,https://eyus.sharepoint.com/sites/eyimdUSA-0045969-MM,US_INTRANET,United States,Completed
216715,744,https://us.tdm.ey.net/sites/cd70d66fd256486fad2302fdea60f8b2,https://eyus.sharepoint.com/sites/eyimdUSA-0045972-MM,US_INTRANET,United States,Completed
216716,744,https://us.tdm.ey.net/sites/713b0b0b406f4ded9ef95dea839aee18,,US_INTRANET,United States,Completed
216717,744,https://us.eyonespace.ey.com/Sites/f80bea60ce0541a483b5ec1e190dce53/5d8d1c7fdc3c4b4cafc2b2e8c082023d,,US_EXTRANET,United States,Completed
216718,744,https://us.tdm.ey.net/sites/2b506e7516354b10bcd83dff0e719b70,https://eyus.sharepoint.com/sites/eyimdUSA-0045872-MM,US_INTRANET,United States,Completed
216720,744,https://us.tdm.ey.net/sites/84c5a46a61864fada8ed508bda6dedb1,,US_INTRANET,United States,Completed
216721,744,https://us.tdm.ey.net/sites/6cdb0be1155d432186617d8a8124d403,https://eyus.sharepoint.com/sites/eyimdUSA-0045990-MM,US_INTRANET,United States,Completed
216722,744,https://us.tdm.ey.net/sites/2145c62e9e624a608142bc3bb11a2046,https://eyus.sharepoint.com/sites/eyimdUSA-0045877-MM,US_INTRANET,United States,Completed
216723,744,https://us.tdm.ey.net/sites/74e868af89bc4aaabb76ce171bc22464,https://eyus.sharepoint.com/sites/eyimdUSA-0045980-MM,US_INTRANET,United States,Completed
216724,744,https://us.tdm.ey.net/sites/e5bf0f0e1f69493fbf7adc0c7fb795c2,https://eyus.sharepoint.com/sites/eyimdUSA-0045987-MM,US_INTRANET,United States,Completed
216725,744,https://us.eyonespace.ey.com/Sites/e49e307d3c204901a3f1e8de648b2019,,US_EXTRANET,United States,Completed
216726,744,https://us.eyonespace.ey.com/Sites/bb4ad8c6f6f84475812a8f71ea32e8c7,,US_EXTRANET,United States,Completed
216727,744,https://us.tdm.ey.net/sites/38742e33ab144cde97189cf9b2e85514,https://eyus.sharepoint.com/sites/eyimdUSA-0045838-MM,US_INTRANET,United States,Completed
216729,744,https://us.tdm.ey.net/sites/3cdc9c995de94f7b984b767cefcb009a,https://eyus.sharepoint.com/sites/eyimdUSA-0045881-MM,US_INTRANET,United States,Completed
216730,744,https://us.tdm.ey.net/sites/eaeafd7ab40342b7a000c909fab52d20,https://eyus.sharepoint.com/sites/eyimdUSA-0045981-MM,US_INTRANET,United States,Completed
216731,744,https://us.tdm.ey.net/sites/893bfc818c1d4946b205fd3e9008f845,,US_INTRANET,United States,Completed
216733,744,https://us.tdm.ey.net/sites/6eb0e606ce624b1e84fd09a92a093dae,https://eyus.sharepoint.com/sites/eyimdUSA-0045982-MM,US_INTRANET,United States,Completed
216734,744,https://us.eyonespace.ey.com/Sites/e66304b68cb5477c9534bc863acbc4c4,,US_EXTRANET,United States,Completed
216735,744,https://us.tdm.ey.net/sites/c3af4a52d8794482bcf53fc45cba3fe7,https://eyus.sharepoint.com/sites/eyimdUSA-0045977-MM,US_INTRANET,United States,Completed
216736,744,https://us.eyonespace.ey.com/Sites/55f323a42d544139a7f22f02bd751f91,,US_EXTRANET,United States,Completed
216737,744,https://us.tdm.ey.net/sites/f525bea1474a4c6fb6326e47b444ca18,https://eyus.sharepoint.com/sites/eyimdUSA-0045983-MM,US_INTRANET,United States,Completed
216739,744,https://us.tdm.ey.net/sites/8e5e1da43b014d9994b7ea2f1aa64782,https://eyus.sharepoint.com/sites/eyimdUSA-0045975-MM,US_INTRANET,United States,Completed
216740,744,https://us.tdm.ey.net/sites/f94dab92ba6d4550a438dfe152875f59,,US_INTRANET,United States,Completed
216741,744,https://us.tdm.ey.net/sites/0d6a10b2a0c84246a5d4454c6053c428,https://eyus.sharepoint.com/sites/eyimdUSA-0045864-MM,US_INTRANET,United States,Completed
216742,744,https://us.tdm.ey.net/sites/6e1266e907da49e3982b106afd9fecc1,https://eyus.sharepoint.com/sites/eyimdUSA-0045978-MM,US_INTRANET,United States,Completed
216743,744,https://us.eyonespace.ey.com/Sites/16227d35812b44b9af11ad7376db9206/0a5ea8455af345d1b131859b49fc71dc,,US_EXTRANET,United States,Completed
216744,744,https://us.tdm.ey.net/sites/cfeeb04d5d604917bdd22d2008a6e3f2,,US_INTRANET,United States,Completed
216745,744,https://us.eyonespace.ey.com/Sites/f9fedb3934064f049169021b91107a7a,,US_EXTRANET,United States,Completed
216747,744,https://us.eyonespace.ey.com/Sites/42c9797c1aff487ab703587f1bd75239/657f3a4484a441c0ac6b5e0fc4fb0298,,US_EXTRANET,United States,Completed
216748,744,https://us.tdm.ey.net/sites/1d128613b6df4b40ab64044f7fb95b50,https://eyus.sharepoint.com/sites/eyimdUSA-0046627-MM,US_INTRANET,United States,Completed
216749,744,https://us.tdm.ey.net/sites/044281b992e84093b6ba1ed0f12045b5,https://eyus.sharepoint.com/sites/eyimdUSA-0045861-MM,US_INTRANET,United States,Completed
216750,744,https://us.tdm.ey.net/sites/b8dc4451db6349158e8c73479ee23603,https://eyus.sharepoint.com/sites/eyimdUSA-0046216-MM,US_INTRANET,United States,Completed
216751,744,https://us.eyonespace.ey.com/Sites/a1ad6d08c21148ffb510bb0cc4cb5ba8,,US_EXTRANET,United States,Completed
216752,744,https://us.tdm.ey.net/sites/2fe2c937d1b14ae9ba5113ab89880d1e,,US_INTRANET,United States,Completed
216753,744,https://us.tdm.ey.net/sites/0e567128defe40128ba69fc5a51319d4,https://eyus.sharepoint.com/sites/eyimdUSA-0045898-MM,US_INTRANET,United States,Completed
216754,744,https://us.tdm.ey.net/sites/1b7669ee76794280807267375c977299,https://eyus.sharepoint.com/sites/eyimdUSA-0045900-MM,US_INTRANET,United States,Completed
216755,744,https://us.tdm.ey.net/sites/e07992cff63c469d926d129a68b97019,https://eyus.sharepoint.com/sites/eyimdUSA-0046180-MM,US_INTRANET,United States,Completed
216756,744,https://us.tdm.ey.net/sites/a93e8374705d47478524b2a541ae61a4,https://eyus.sharepoint.com/sites/eyimdUSA-0046212-MM,US_INTRANET,United States,Completed
216758,744,https://us.tdm.ey.net/sites/eeff5bf395554d60b88e1d4d070e91cd,https://eyus.sharepoint.com/sites/eyimdUSA-0045994-MM,US_INTRANET,United States,Completed
216759,744,https://us.tdm.ey.net/sites/fac9e310c3854eabade8f31d2e72dacc,https://eyus.sharepoint.com/sites/eyimdUSA-0046196-MM,US_INTRANET,United States,Completed
216760,744,https://us.tdm.ey.net/sites/92bdfba1c7f14da2803cfb7b471cc53f,https://eyus.sharepoint.com/sites/eyimdUSA-0045989-MM,US_INTRANET,United States,Completed
216761,744,https://us.tdm.ey.net/sites/1a03d4d6be3a416d9ae73a960e4a36ce,https://eyus.sharepoint.com/sites/eyimdUSA-0045865-MM,US_INTRANET,United States,Completed
216762,744,https://us.eyonespace.ey.com/Sites/0faaeb3db84844a5bf211169fa627da0,,US_EXTRANET,United States,Completed
216763,744,https://us.tdm.ey.net/sites/9fd926c02aa34c3ab51d5e5fc15a153e,https://eyus.sharepoint.com/sites/eyimdUSA-0045995-MM,US_INTRANET,United States,Completed
216764,744,https://us.tdm.ey.net/sites/8926697d5ca94f57ba55e9912ca8452d,https://eyus.sharepoint.com/sites/eyimdUSA-0045988-MM,US_INTRANET,United States,Completed
216766,744,https://us.tdm.ey.net/sites/f74673651182485a8389c669176b168c,https://eyus.sharepoint.com/sites/eyimdUSA-0045985-MM,US_INTRANET,United States,Completed
216767,744,https://us.tdm.ey.net/sites/03204b81ea314463982f879e5bafe634,https://eyus.sharepoint.com/sites/eyimdUSA-0045869-MM,US_INTRANET,United States,Completed
216768,744,https://us.tdm.ey.net/sites/5d8bbe5c0460405091b248bc7b824b67,https://eyus.sharepoint.com/sites/eyimdUSA-0046220-MM,US_INTRANET,United States,Completed
216769,744,https://us.tdm.ey.net/sites/01997a8ce9a84432bbbf4bf96fc1ad1f,https://eyus.sharepoint.com/sites/eyimdUSA-0045867-MM,US_INTRANET,United States,Completed
216770,744,https://us.tdm.ey.net/sites/d23d447507974fb8ab8a8d6fb22fe30d,https://eyus.sharepoint.com/sites/eyimdUSA-0046221-MM,US_INTRANET,United States,Completed
216771,744,https://us.eyonespace.ey.com/Sites/945982ac2814446d9fe4826d46be450f/b423b9b52784475c8bfbf170bd4f01c0,,US_EXTRANET,United States,Completed
216772,744,https://us.tdm.ey.net/sites/d2d0bfb633f24640964fb9e857ffa1c8,https://eyus.sharepoint.com/sites/eyimdUSA-0045996-MM,US_INTRANET,United States,Completed
216773,744,https://us.tdm.ey.net/sites/d92e99ea423e4d1b9e2bc19eb09b699d,https://eyus.sharepoint.com/sites/eyimdUSA-0045993-MM,US_INTRANET,United States,Completed
216774,744,https://us.tdm.ey.net/sites/db9e85ec8da14f62b0d02f5dd84072c1,https://eyus.sharepoint.com/sites/eyimdUSA-0046297-MM,US_INTRANET,United States,Completed
216775,744,https://us.eyonespace.ey.com/Sites/567a9943d1fb4202bdfeb9d42afa9b4a/862d422de1324f85a2a8e190a26ea881,,US_EXTRANET,United States,Completed
216776,744,https://us.tdm.ey.net/sites/f8b2f0a666b740138b3cc291a40c3a2e,https://eyus.sharepoint.com/sites/eyimdUSA-0046254-MM,US_INTRANET,United States,Completed
216777,744,https://us.eyonespace.ey.com/Sites/e3066f99669e469583297c0eaa08478f,,US_EXTRANET,United States,Completed
216778,744,https://us.eyonespace.ey.com/Sites/bfefe0f4811c4e10887d8514d6d9496a,,US_EXTRANET,United States,Completed
216779,744,https://us.tdm.ey.net/sites/5b23bb1c783e4aea8d648701d34aac17,https://eyus.sharepoint.com/sites/eyimdUSA-0045991-MM,US_INTRANET,United States,Completed
216780,744,https://us.eyonespace.ey.com/Sites/f4f3f1c487c34dd58b1905e377159bc1/6400e71a837b476383e0f3ac77b2d302,,US_EXTRANET,United States,Completed
216781,744,https://us.tdm.ey.net/sites/0f33aee7030349c893210433f13a35d6,https://eyus.sharepoint.com/sites/eyimdUSA-0045868-MM,US_INTRANET,United States,Completed
216782,744,https://us.eyonespace.ey.com/Sites/0842d712b8ba4792a75e43ee14fc7ca8/06fa0715d65b4dd3801f670cd17ea3b6,,US_EXTRANET,United States,Completed
216783,744,https://us.tdm.ey.net/sites/6dc12e0e56864453980363d90948d6c6,,US_INTRANET,United States,Completed
216784,744,https://us.tdm.ey.net/sites/fedf3b44f02b45feaafd7f2d838588f7,https://eyus.sharepoint.com/sites/eyimdUSA-0046294-MM,US_INTRANET,United States,Completed
216786,744,https://us.tdm.ey.net/sites/a9a9f163cd2049a9926e7746d644481d,https://eyus.sharepoint.com/sites/eyimdUSA-0045999-MM,US_INTRANET,United States,Completed
216787,744,https://us.eyonespace.ey.com/Sites/a1d9fe272497410c945d02935606a7c4/29571f2c1fe74725924762fd1ffc9a61,,US_EXTRANET,United States,Completed
216788,744,https://us.tdm.ey.net/sites/60229da9ef734137bec17252d4b659e0,https://eyus.sharepoint.com/sites/eyimdUSA-0046000-MM,US_INTRANET,United States,Completed
216789,744,https://us.tdm.ey.net/sites/54100c3ad91d4273a945ed6d4d494d72,,US_INTRANET,United States,Completed
216790,744,https://us.tdm.ey.net/sites/cc7b22535a064e2daed9fafe2dacca2a,https://eyus.sharepoint.com/sites/eyimdUSA-0046292-MM,US_INTRANET,United States,Completed
216791,744,https://us.tdm.ey.net/sites/65909ad8cc664fceb5162ac186e6c1c4,https://eyus.sharepoint.com/sites/eyimdUSA-0046001-MM,US_INTRANET,United States,Completed
216792,744,https://us.eyonespace.ey.com/Sites/133a3d59f9f5497694cf880c4319cb4b/2b10c82b18754e3fb205591907d453d4,,US_EXTRANET,United States,Completed
216793,744,https://us.tdm.ey.net/sites/a340fba8c35842899c55990ffe6b75ae,https://eyus.sharepoint.com/sites/eyimdUSA-0046293-MM,US_INTRANET,United States,Completed
216794,744,https://us.tdm.ey.net/sites/094cbf881acb46fdbdfd5cc0ed2545e1,https://eyus.sharepoint.com/sites/eyimdUSA-0046644-MM,US_INTRANET,United States,Completed
216795,744,https://us.tdm.ey.net/sites/d4e746f5623b4272ac38e1d44d2d1237,,US_INTRANET,United States,Completed
216796,744,https://us.tdm.ey.net/sites/ce9fb85fc7494a8ba3ac03a255f58183,,US_INTRANET,United States,Completed
216797,744,https://us.tdm.ey.net/sites/d83ae487f1f1400b8ba49bf1c2630617,https://eyus.sharepoint.com/sites/eyimdUSA-0046656-MM,US_INTRANET,United States,Completed
216798,744,https://us.eyonespace.ey.com/Sites/1cdbcb29c9ba4788a69aca94480eae70/1c59753ad6f84581acb09ae69f766675,,US_EXTRANET,United States,Completed
216799,744,https://us.tdm.ey.net/sites/bfa5d59c4bf04d4087f40c6bcdef87a3,https://eyus.sharepoint.com/sites/eyimdUSA-0046011-MM,US_INTRANET,United States,Completed
216801,744,https://us.tdm.ey.net/sites/252e68df622d4f538307c8d4349bd6b8,https://eyus.sharepoint.com/sites/eyimdUSA-0045874-MM,US_INTRANET,United States,Completed
216802,744,https://us.eyonespace.ey.com/Sites/56641ca01cd84894b686d8077548f946,https://eyus.sharepoint.com/sites/eyimdUSA-0046655-MM,US_EXTRANET,United States,Completed
216803,744,https://us.eyonespace.ey.com/Sites/cf76299c66734196af951a0333d9589f,https://eyus.sharepoint.com/sites/eyimdUSA-0045907-MM,US_EXTRANET,United States,Completed
216804,744,https://us.tdm.ey.net/sites/6403988577d44e77850ffddb9063bb47,,US_INTRANET,United States,Completed
216805,744,https://us.tdm.ey.net/sites/c707509c970d42cc92ce0d206d7d6687,https://eyus.sharepoint.com/sites/eyimdUSA-0045997-MM,US_INTRANET,United States,Completed
216806,744,https://us.tdm.ey.net/sites/c6b0e984b51d4dffbb65822780be1f97,https://eyus.sharepoint.com/sites/eyimdUSA-0046016-MM,US_INTRANET,United States,Completed
216807,744,https://us.tdm.ey.net/sites/248da56c2d1b4eb29c4a2ae365a7ff28,https://eyus.sharepoint.com/sites/eyimdUSA-0045871-MM,US_INTRANET,United States,Completed
216808,744,https://us.tdm.ey.net/sites/b53a4491647b4b62bb9ab7e8fad2b994,,US_INTRANET,United States,Completed
216809,744,https://us.eyonespace.ey.com/Sites/22f639a4f07f4b19b70882f410225229/b312d7b635924044822dc68963416c69,,US_EXTRANET,United States,Completed
216810,744,https://us.tdm.ey.net/sites/cc719fdc7667425bafba288d6bc79b8e,https://eyus.sharepoint.com/sites/eyimdUSA-0046009-MM,US_INTRANET,United States,Completed
216811,744,https://us.eyonespace.ey.com/Sites/24af8715d73a4ab2b4591179beb40dab,,US_EXTRANET,United States,Completed
216813,744,https://us.tdm.ey.net/sites/8322304697084acdb1bf035ed966d2c2,https://eyus.sharepoint.com/sites/eyimdUSA-0046004-MM,US_INTRANET,United States,Completed
216814,744,https://us.tdm.ey.net/sites/ce08fa69a89642fe872b6fe7c17d4c48,https://eyus.sharepoint.com/sites/eyimdUSA-0046646-MM,US_INTRANET,United States,Completed
216815,744,https://us.tdm.ey.net/sites/8fc08f511bb841d284e69b4877452a20,https://eyus.sharepoint.com/sites/eyimdUSA-0046320-MM,US_INTRANET,United States,Completed
216816,744,https://us.tdm.ey.net/sites/5eb72d6dda03477dba6dd5d8e887ad97,https://eyus.sharepoint.com/sites/eyimdUSA-0046203-MM,US_INTRANET,United States,Completed
216817,744,https://us.tdm.ey.net/sites/aa939421bc10492f8179028644d466c0,https://eyus.sharepoint.com/sites/eyimdUSA-0046558-MM,US_INTRANET,United States,Completed
216819,744,https://us.tdm.ey.net/sites/5926bc29647840ce853eebb400017649,https://eyus.sharepoint.com/sites/eyimdUSA-0046552-MM,US_INTRANET,United States,Completed
216820,744,https://us.eyonespace.ey.com/Sites/4de0cf508984476ebaa74cbcf6837178/063d839b6a474ebcb1ef5af5bda975ef,,US_EXTRANET,United States,Completed
216821,744,https://us.tdm.ey.net/sites/2d3aa5d1808641b7af2ff49dfe28d82a,https://eyus.sharepoint.com/sites/eyimdUSA-0046204-MM,US_INTRANET,United States,Completed
216822,744,https://us.tdm.ey.net/sites/b8c6b0d99bd44476a912711bf4079f9c,https://eyus.sharepoint.com/sites/eyimdUSA-0046200-MM,US_INTRANET,United States,Completed
216823,744,https://us.tdm.ey.net/sites/963e00ebc5ec4209adf8c61e6e91e731,https://eyus.sharepoint.com/sites/eyimdUSA-0046546-MM,US_INTRANET,United States,Completed
216824,743,https://us.eyonespace.ey.com/Sites/6927e25f527840b3be47bfa2fa3fff22,https://eyus.sharepoint.com/sites/eyimdUSA-0045422-MM,US_EXTRANET,United States,Completed
216825,743,https://us.tdm.ey.net/sites/d4aadf13aad44e80af4d17df4c330fbd,https://eyus.sharepoint.com/sites/eyimdUSA-0045654-MM,US_INTRANET,United States,Completed
216826,743,https://us.eyonespace.ey.com/Sites/90cebaf3856743579695f4397552c583/9f72c85d73c94c668611dd0b4d586758,,US_EXTRANET,United States,Completed
216827,743,https://us.tdm.ey.net/sites/3cd01ea961f44d7a9ef6570c19ea194e,https://eyus.sharepoint.com/sites/eyimdUSA-0045443-MM,US_INTRANET,United States,Completed
216828,743,https://us.tdm.ey.net/sites/b4da703a76f9454fb1aee13146641ff7,https://eyus.sharepoint.com/sites/eyimdUSA-0045670-MM,US_INTRANET,United States,Completed
216829,743,https://us.tdm.ey.net/sites/d9c4a4f30e2c4f30b514a906bc6bf738,https://eyus.sharepoint.com/sites/eyimdUSA-0045663-MM,US_INTRANET,United States,Completed
216830,743,https://us.tdm.ey.net/sites/a3b1a5f722f947168148d7091152c05c,https://eyus.sharepoint.com/sites/eyimdUSA-0045672-MM,US_INTRANET,United States,Completed
216832,743,https://us.tdm.ey.net/sites/8809bdd7f7bc461d859e003e979bc744,https://eyus.sharepoint.com/sites/eyimdUSA-0045684-MM,US_INTRANET,United States,Completed
216834,743,https://us.tdm.ey.net/sites/7abc7d7f919045608739c3f33cdd9686,https://eyus.sharepoint.com/sites/eyimdUSA-0045423-MM,US_INTRANET,United States,Completed
216835,743,https://us.eyonespace.ey.com/Sites/b3d4903d267b4308a0a7ddedd40cf964/28c2eef182954a208c96883d359dcc92,https://eyus.sharepoint.com/sites/eyimdUSA-0045334-MM/28c2eef182954a208c96883d359dcc92,US_EXTRANET,United States,Completed
216836,743,https://us.tdm.ey.net/sites/8568ea11e6414850a0adae9dc296a151,https://eyus.sharepoint.com/sites/eyimdUSA-0045447-MM,US_INTRANET,United States,Completed
216837,743,https://us.tdm.ey.net/sites/1097dd83d23d4ab8b73760bf378bcc86,https://eyus.sharepoint.com/sites/eyimdUSA-0045445-MM,US_INTRANET,United States,Completed
216838,743,https://us.tdm.ey.net/sites/fdc51d81027446ec98f05d9382b05e87,https://eyus.sharepoint.com/sites/eyimdUSA-0045674-MM,US_INTRANET,United States,Completed
216839,743,https://us.eyonespace.ey.com/Sites/19ea33efe5ca46dc8d1d3729295519b1,,US_EXTRANET,United States,Completed
216840,743,https://us.tdm.ey.net/sites/07523f42f9ae4ef68426e50f8c6019d4,https://eyus.sharepoint.com/sites/eyimdUSA-0045440-MM,US_INTRANET,United States,Completed
216842,743,https://us.tdm.ey.net/sites/0d42cdeaa68045a890515aa3fc968656,https://eyus.sharepoint.com/sites/eyimdUSA-0045448-MM,US_INTRANET,United States,Completed
216843,743,https://us.tdm.ey.net/sites/0eccad25f3dc47a6b77d2b85d5b1f209,https://eyus.sharepoint.com/sites/eyimdUSA-0045435-MM,US_INTRANET,United States,Completed
216844,743,https://us.tdm.ey.net/sites/45e0f4ef57c741b79ae07c858b38d873,https://eyus.sharepoint.com/sites/eyimdUSA-0045455-MM,US_INTRANET,United States,Completed
216845,743,https://us.tdm.ey.net/sites/81407982848c4f35a93fc9ee938035d3,https://eyus.sharepoint.com/sites/eyimdUSA-0045438-MM,US_INTRANET,United States,Completed
216847,743,https://us.tdm.ey.net/sites/b4df021e43ab43078bc5a5a081810091,https://eyus.sharepoint.com/sites/eyimdUSA-0045676-MM,US_INTRANET,United States,Completed
216848,743,https://us.tdm.ey.net/sites/f8a6d43224af4945bcb4c72d39954d67,https://eyus.sharepoint.com/sites/eyimdUSA-0045677-MM,US_INTRANET,United States,Completed
216849,743,https://us.eyonespace.ey.com/Sites/fc92d138d81d4ebfa653039c20e7abad,,US_EXTRANET,United States,Completed
216850,743,https://us.tdm.ey.net/sites/e2d9c4b7b4884aa585a25f1b6d4d81b0,https://eyus.sharepoint.com/sites/eyimdUSA-0045678-MM,US_INTRANET,United States,Completed
216851,743,https://us.tdm.ey.net/sites/d7225165ca9341c48dbec399a886ebb3,https://eyus.sharepoint.com/sites/eyimdUSA-0045683-MM,US_INTRANET,United States,Completed
216852,743,https://us.eyonespace.ey.com/Sites/e1eb4d75db114135aa5fc6c4825c222d,,US_EXTRANET,United States,Completed
216853,743,https://us.tdm.ey.net/sites/853d96d69ec64f53b71f9bb5f4df45b2,https://eyus.sharepoint.com/sites/eyimdUSA-0045461-MM,US_INTRANET,United States,Completed
216855,743,https://us.tdm.ey.net/sites/86ff421ec3784609ac97470e92f2bc5c,https://eyus.sharepoint.com/sites/eyimdUSA-0045682-MM,US_INTRANET,United States,Completed
216856,743,https://us.tdm.ey.net/sites/7e165a01a64141b38fa981026128bccc,https://eyus.sharepoint.com/sites/eyimdUSA-0045451-MM,US_INTRANET,United States,Completed
216857,743,https://us.tdm.ey.net/sites/fc8ec80869e343298e06cae9075ce6a3,https://eyus.sharepoint.com/sites/eyimdUSA-0045664-MM,US_INTRANET,United States,Completed
216859,743,https://us.tdm.ey.net/sites/553825d7c54a4b2ba6737b20e3239bfb,https://eyus.sharepoint.com/sites/eyimdUSA-0045452-MM,US_INTRANET,United States,Completed
216860,743,https://us.tdm.ey.net/sites/eba38acc1e824944b84c419d79eb8286,https://eyus.sharepoint.com/sites/eyimdUSA-0045705-MM,US_INTRANET,United States,Completed
216861,743,https://us.tdm.ey.net/sites/3b96a36db21c4bffb47a4cdb218ac3a8,https://eyus.sharepoint.com/sites/eyimdUSA-0045456-MM,US_INTRANET,United States,Completed
216862,743,https://us.eyonespace.ey.com/Sites/7001a521879440c9afbff0a11fb5aacd,,US_EXTRANET,United States,Completed
216863,743,https://us.tdm.ey.net/sites/b1d8ac74df704971808128e79e184f88,https://eyus.sharepoint.com/sites/eyimdUSA-0045673-MM,US_INTRANET,United States,Completed
216864,743,https://us.eyonespace.ey.com/Sites/fffdd0686b214365bc1b339f9204d015,,US_EXTRANET,United States,Completed
216865,743,https://us.tdm.ey.net/sites/6d2cc50f5fbf47a49595e55760213c2c,https://eyus.sharepoint.com/sites/eyimdUSA-0045458-MM,US_INTRANET,United States,Completed
216866,743,https://us.eyonespace.ey.com/Sites/a006d28fd3144fa9822d2487cef02b51,,US_EXTRANET,United States,Completed
216867,743,https://us.tdm.ey.net/sites/ad899e3c7fe34f278cfb6c1ba6dd1788,https://eyus.sharepoint.com/sites/eyimdUSA-0045691-MM,US_INTRANET,United States,Completed
216868,743,https://us.tdm.ey.net/sites/c87cd2b85384476a81e2f79d9b3dd544,https://eyus.sharepoint.com/sites/eyimdUSA-0045685-MM,US_INTRANET,United States,Completed
216869,743,https://us.tdm.ey.net/sites/3069c4e45c554efc8fe2f728b965d983,https://eyus.sharepoint.com/sites/eyimdUSA-0045465-MM,US_INTRANET,United States,Completed
