﻿"SiteId","BatchId","OriginalURL","TargetURL","SourceType","jurisdiction","YellowBannerStatus","fkRollBackStatus","Comments"
"125600","1217","https://us.eyonespace.ey.com/Sites/9768142e4354474d9089574a7e965c02/edb37f06c1c54bc79d19cbf8bcbe56de","","US_EXTRANET","United States","Completed","6","13May2021_Provisioning failed sites to be re-batched - Added by Rahul"
"125601","1217","https://us.eyonespace.ey.com/Sites/9768142e4354474d9089574a7e965c02/30aa49fd99074467a3e249bb3198eb28","","US_EXTRANET","United States","Completed","6","13May2021_Provisioning failed sites to be re-batched - Added by Rahul"
"125602","1217","https://us.eyonespace.ey.com/Sites/9768142e4354474d9089574a7e965c02/bc1eaa6983964ed39bd1d8ab2a8de219","","US_EXTRANET","United States","Completed","6","13May2021_Provisioning failed sites to be re-batched - Added by Rahul"
"125603","1217","https://us.eyonespace.ey.com/Sites/9768142e4354474d9089574a7e965c02/57e23bb0c6ee40509790d13121db753a","","US_EXTRANET","United States","Completed","6","13May2021_Provisioning failed sites to be re-batched - Added by Rahul"
