SiteId,BatchId,OriginalUrl,TargetUrl,SourceType,Jurisdiction
17158,175,https://us.eyonespace.ey.com/Sites/df6e2b9aaeaf4809addf58439c436963/519b38aa3e594a3181576b6da91e5c76,https://eyus.sharepoint.com/sites/eyimdUSA-0003810-MM/519b38aa3e594a3181576b6da91e5c76,Extranet,United States
17160,175,https://us.eyonespace.ey.com/Sites/b7c00a187c9547d2959f60523a761b4b/c0ef3a4f90974aa9bcd701116bead076,https://eyus.sharepoint.com/sites/eyimdUSA-0003804-MM/c0ef3a4f90974aa9bcd701116bead076,Extranet,United States
17162,175,https://us.eyonespace.ey.com/Sites/4255592833a2462699ebb26620a68e6a/a2bea44bfb2d443aa904f1592f947136,https://eyus.sharepoint.com/sites/eyimdUSA-0003802-MM/a2bea44bfb2d443aa904f1592f947136,Extranet,United States
73110,270,https://us.eyonespace.ey.com/Sites/a72f75a44f0a47f8ab457a410c99e754/69774a7887414a6087ba1cdfe7c792c5,https://eyus.sharepoint.com/sites/eyimdUSA-0003511-MM/69774a7887414a6087ba1cdfe7c792c5,Extranet,United States
73111,270,https://us.eyonespace.ey.com/Sites/32012b00208c4861af6ef044dc1e8611/5f6f2d1f2ed241629edfeba2d04ea8df,https://eyus.sharepoint.com/sites/eyimdUSA-0003334-MM/5f6f2d1f2ed241629edfeba2d04ea8df,Extranet,United States
73123,270,https://us.tdm.ey.net/sites/0c19519d85c34d449a98f3fb3349cbef,https://eyus.sharepoint.com/sites/eyimdUSA-0003515-MM,Intranet,United States
73140,270,https://us.tdm.ey.net/sites/e2a72779c24a4fdb86209b8e672fd146,https://eyus.sharepoint.com/sites/eyimdUSA-0003808-MM,Intranet,United States
73168,270,https://us.tdm.ey.net/sites/9368ee75fd154a74a1aca81e0726d197,https://eyus.sharepoint.com/sites/eyimdUSA-0003521-MM,Intranet,United States
73169,270,https://us.tdm.ey.net/sites/5bdfebf27c4a42688660f3bbb7fa58f9,https://eyus.sharepoint.com/sites/eyimdUSA-0003522-MM,Intranet,United States
73179,270,https://us.tdm.ey.net/sites/3e87733108c94610825150c5b6f1b061,https://eyus.sharepoint.com/sites/eyimdUSA-0003548-MM,Intranet,United States
73185,270,https://us.tdm.ey.net/sites/5c16b22fa3664abdbe2ba2965d883018,https://eyus.sharepoint.com/sites/eyimdUSA-0008751-MM,Intranet,United States
79193,533,https://us.tdm.ey.net/sites/fee4a2528c514df2a7763041ebfa3da2,https://eyus.sharepoint.com/sites/eyimdUSA-0008795-MM,Intranet,United States
