﻿"OriginalURL","TargetURL","MigrationStartDate","BannerType","SourceType"
"https://eyus.sharepoint.com/sites/eyimdUSA-0036662-MM","https://us.tdm.ey.net/sites/0899cb2fb0be428aaefafd26ad7293bc","5/29/2021","T-1","spo"
"https://eyus.sharepoint.com/sites/eyimdUSA-0036388-MM","https://us.eyonespace.ey.com/Sites/eb3c0602f35f4adf9336638e4bf02d34","5/29/2021","T-1","spo"
"https://sites.ey.com/sites/eyimdDNK-0027938-MM","https://eyonespace.ey.com/Sites/fe1527d7f0e7466ea3f11c51beeaa97e","5/29/2021","T-1","spo"


