{"schemaVersion":"1.0","appDefinitionTemplate":{"id":"/providers/Microsoft.PowerApps/apps/","type":"Microsoft.PowerApps/apps","tags":{"primaryDeviceWidth":"1366","primaryDeviceHeight":"768","sienaVersion":"20220502T152356Z-3.22034.17.0","deviceCapabilities":"","supportsPortrait":"true","supportsLandscape":"true","primaryFormFactor":"Tablet","publisherVersion":"3.22034.17","minimumRequiredApiVersion":"2.2.0","hasComponent":"true","hasUnlockedComponent":"true","isUnifiedRootApp":"false"},"properties":{"appVersion":"2022-05-02T15:23:56Z","lifeCycleId":"Published","createdByClientVersion":{"major":3,"minor":22034,"build":17,"revision":0,"majorRevision":0,"minorRevision":0},"minClientVersion":{"major":3,"minor":22034,"build":17,"revision":0,"majorRevision":0,"minorRevision":0},"backgroundColor":"rgba(204, 228, 246, 1)","backgroundImageUri":"/3867334159418756278/N4edfbb66-c8eb-44c3-a273-a0629f8d0b35-logoSmallFile","displayName":"NEW HelpDesk 2021","description":"","commitMessage":"","appUris":{"documentUri":{"value":"/3867334159418756278/N4cc6cffd-0b7d-4d66-9ea8-38ca072e84f7-document.msapp"},"imageUris":[]},"createdTime":"0001-01-01T00:00:00Z","lastModifiedTime":"0001-01-01T00:00:00Z","sharedGroupsCount":0,"sharedUsersCount":0,"icons":{"smallIconUri":"/3867334159418756278/N58347110-e87e-40f3-85c5-2c3426a5b4ec-small.png","mediumIconUri":"/3867334159418756278/N773b6539-0375-4a85-b706-fa503225bd16-medium.png","largeIconUri":"/3867334159418756278/N7186a622-5b61-43ea-a2f3-c661cb3c4143-large.png","wideIconUri":"/3867334159418756278/Nb98088d2-a9cd-44e5-886e-20158ab0ff11-wide.png"},"connectionReferences":{"808033e2-0b18-4fbb-9698-3315087d7964":{"id":"3e129008-9540-4e9a-9aa8-625ac51cc966","displayName":"SharePoint","iconUri":"https://connectoricons-prod.azureedge.net/releases/v1.0.1568/1.0.1568.2757/sharepointonline/icon.png","dataSources":["Issue tracker"],"dependencies":[],"dependents":[],"parameterHints":{},"parameterHintsV2":{},"isOnPremiseConnection":false,"bypassConsent":false,"dataSets":{"https://nmgov.sharepoint.com/sites/PED-TitleIGrant":{"dataSources":{"Issue tracker":{"tableName":"05ed24d9-b3a9-472c-89fc-32511b3187bd"}}}},"apiTier":"Standard","isCustomApiConnection":false,"actions":["providers/PowerPlatform.Governance/Operations/Read","providers/PowerPlatform.Governance/Operations/Write"]}},"databaseReferences":{},"almMode":"Environment","performanceOptimizationEnabled":true,"canConsumeAppPass":true,"executionRestrictions":{"isTeamsOnly":false,"dataLossPreventionEvaluationResult":{"status":"Compliant","lastEvaluationDate":"2021-07-22T20:19:45.2928275Z","violations":[],"violationsByPolicy":[],"violationErrorMessage":"La aplicación usa los siguientes conectores: ."}}},"appType":"ClassicCanvasApp","appComponents":[]}}