SourceSiteAddress^SourceListTitle^TargetSiteAddress^TargetListTitle^TargetListInternalName^Size,,,,
https://eyonespace.ey.com/Sites/423e1e2e79c7425c87f484f38d501722/^Connected Lists^https://eytaxca.sharepoint.com/Sites/a568558c51614ffc9a2f40823806ecd8/^Connected Lists^ConnectedLists^0.01,,,,
https://eyonespace.ey.com/Sites/423e1e2e79c7425c87f484f38d501722/^Chick-Fil-A, Inc. - Chick-Fil-A, Inc_GCR_2018_Tasks^https://eytaxca.sharepoint.com/Sites/a568558c51614ffc9a2f40823806ecd8/^Chick-Fil-A, Inc. - Chick-Fil-A, Inc_GCR_2018_Tasks^WorkflowTasks^0.01
https://eyonespace.ey.com/Sites/423e1e2e79c7425c87f484f38d501722/^Connected Libraries^https://eytaxca.sharepoint.com/Sites/a568558c51614ffc9a2f40823806ecd8/^Connected Libraries^ConnectedLibraries^0.01,,,,
https://eyonespace.ey.com/Sites/423e1e2e79c7425c87f484f38d501722/^Chick-fil-A Canada ULC_VAT return_2018^https://eytaxca.sharepoint.com/Sites/a568558c51614ffc9a2f40823806ecd8/^Chick-fil-A Canada ULC_VAT return_2018^ChickfilA Canada ULC_VAT return_2018^0.01,,,,
https://eyonespace.ey.com/Sites/423e1e2e79c7425c87f484f38d501722/^EYI My Docs Workflow Mapping^https://eytaxca.sharepoint.com/Sites/a568558c51614ffc9a2f40823806ecd8/^EYI My Docs Workflow Mapping^EYOSWorkflowMapping^0.01,,,,
https://eyonespace.ey.com/Sites/423e1e2e79c7425c87f484f38d501722/^Document Copy Audit^https://eytaxca.sharepoint.com/Sites/a568558c51614ffc9a2f40823806ecd8/^Document Copy Audit^DocumentCopyAudit^0.01,,,,
https://eyonespace.ey.com/Sites/423e1e2e79c7425c87f484f38d501722/^Approval Steps^https://eytaxca.sharepoint.com/Sites/a568558c51614ffc9a2f40823806ecd8/^Approval Steps^EYOSApprovalStepslist^0.01,,,,
https://eyonespace.ey.com/Sites/423e1e2e79c7425c87f484f38d501722/^Approval Workflows^https://eytaxca.sharepoint.com/Sites/a568558c51614ffc9a2f40823806ecd8/^Approval Workflows^EYOSApprovalWorkflowslist^0.01,,,,
https://eyonespace.ey.com/Sites/423e1e2e79c7425c87f484f38d501722/^Chick-Fil-A, Inc_T2_2018.12.31^https://eytaxca.sharepoint.com/Sites/a568558c51614ffc9a2f40823806ecd8/^Chick-Fil-A, Inc_T2_2018.12.31^ChickFilA Inc_T2_20181231^0.01,,
https://eyonespace.ey.com/Sites/423e1e2e79c7425c87f484f38d501722/^Workspace Reports Library^https://eytaxca.sharepoint.com/Sites/a568558c51614ffc9a2f40823806ecd8/^Workspace Reports Library^WorkspaceReportsLibrary^0.01,,,,
https://eyonespace.ey.com/Sites/423e1e2e79c7425c87f484f38d501722/^Chick-Fil-A, Inc. - Chick-Fil-A, Inc_GCR_2018_Library^https://eytaxca.sharepoint.com/Sites/a568558c51614ffc9a2f40823806ecd8/^Chick-Fil-A, Inc. - Chick-Fil-A, Inc_GCR_2018_Library^EngagementDocumentLibrary^0.01
https://eyonespace.ey.com/Sites/4dd4e7700f624156bd189453a5549801/^Approval Workflows^https://eytaxca.sharepoint.com/Sites/26be705e610545ba96bc86c476a65504/^Approval Workflows^EYOSApprovalWorkflowslist^0.01,,,,
https://eyonespace.ey.com/Sites/4dd4e7700f624156bd189453a5549801/^Approval Steps^https://eytaxca.sharepoint.com/Sites/26be705e610545ba96bc86c476a65504/^Approval Steps^EYOSApprovalStepslist^0.01,,,,
https://eyonespace.ey.com/Sites/4dd4e7700f624156bd189453a5549801/^EYI My Docs Workflow Mapping^https://eytaxca.sharepoint.com/Sites/26be705e610545ba96bc86c476a65504/^EYI My Docs Workflow Mapping^EYOSWorkflowMapping^0.01,,,,
https://eyonespace.ey.com/Sites/4dd4e7700f624156bd189453a5549801/^Connected Lists^https://eytaxca.sharepoint.com/Sites/26be705e610545ba96bc86c476a65504/^Connected Lists^ConnectedLists^0.01,,,,
https://eyonespace.ey.com/Sites/4dd4e7700f624156bd189453a5549801/^MRPS^https://eytaxca.sharepoint.com/Sites/26be705e610545ba96bc86c476a65504/^MRPS^MRPS^0.01,,,,
https://eyonespace.ey.com/Sites/4dd4e7700f624156bd189453a5549801/^Genuine Parts Company - ITS-Genuine Parts MRPS_Library^https://eytaxca.sharepoint.com/Sites/26be705e610545ba96bc86c476a65504/^Genuine Parts Company - ITS-Genuine Parts MRPS_Library^EngagementDocumentLibrary^0.01,,,,
https://eyonespace.ey.com/Sites/4dd4e7700f624156bd189453a5549801/^Genuine Parts Company - ITS-Genuine Parts MRPS_Tasks^https://eytaxca.sharepoint.com/Sites/26be705e610545ba96bc86c476a65504/^Genuine Parts Company - ITS-Genuine Parts MRPS_Tasks^WorkflowTasks^0.01,,,,
https://eyonespace.ey.com/Sites/4dd4e7700f624156bd189453a5549801/^Workspace Reports Library^https://eytaxca.sharepoint.com/Sites/26be705e610545ba96bc86c476a65504/^Workspace Reports Library^WorkspaceReportsLibrary^0.01,,,,
https://eyonespace.ey.com/Sites/4dd4e7700f624156bd189453a5549801/^Document Copy Audit^https://eytaxca.sharepoint.com/Sites/26be705e610545ba96bc86c476a65504/^Document Copy Audit^DocumentCopyAudit^0.01,,,,
https://eyonespace.ey.com/Sites/4dd4e7700f624156bd189453a5549801/^Administration^https://eytaxca.sharepoint.com/Sites/26be705e610545ba96bc86c476a65504/^Administration^Administration^0.01,,,,
https://eyonespace.ey.com/Sites/4dd4e7700f624156bd189453a5549801/^Connected Libraries^https://eytaxca.sharepoint.com/Sites/26be705e610545ba96bc86c476a65504/^Connected Libraries^ConnectedLibraries^0.01,,,,
https://eyonespace.ey.com/Sites/5315d0499dcc41d1b5d236f5c0a2a267/^Approval Steps^https://eytaxca.sharepoint.com/Sites/c637c8389db64200bffc06bc5d3a6e61/^Approval Steps^EYOSApprovalStepslist^0.01,,,,
https://eyonespace.ey.com/Sites/5315d0499dcc41d1b5d236f5c0a2a267/^Document Copy Audit^https://eytaxca.sharepoint.com/Sites/c637c8389db64200bffc06bc5d3a6e61/^Document Copy Audit^DocumentCopyAudit^0.01,,,,
https://eyonespace.ey.com/Sites/5315d0499dcc41d1b5d236f5c0a2a267/^Connected Lists^https://eytaxca.sharepoint.com/Sites/c637c8389db64200bffc06bc5d3a6e61/^Connected Lists^ConnectedLists^0.01,,,,
https://eyonespace.ey.com/Sites/5315d0499dcc41d1b5d236f5c0a2a267/^Mormak Equipment Inc_T2_2018.12.31^https://eytaxca.sharepoint.com/Sites/c637c8389db64200bffc06bc5d3a6e61/^Mormak Equipment Inc_T2_2018.12.31^Mormak Equipment Inc_T2_20181231^0.01,,,,
https://eyonespace.ey.com/Sites/5315d0499dcc41d1b5d236f5c0a2a267/^Workspace Reports Library^https://eytaxca.sharepoint.com/Sites/c637c8389db64200bffc06bc5d3a6e61/^Workspace Reports Library^WorkspaceReportsLibrary^0.01,,,,
https://eyonespace.ey.com/Sites/5315d0499dcc41d1b5d236f5c0a2a267/^Mormak Equipment Inc. - Mormak Equipment Inc_GCR_2018_Library^https://eytaxca.sharepoint.com/Sites/c637c8389db64200bffc06bc5d3a6e61/^Mormak Equipment Inc. - Mormak Equipment Inc_GCR_2018_Library^EngagementDocumentLibrary^0.01,,,,
https://eyonespace.ey.com/Sites/5315d0499dcc41d1b5d236f5c0a2a267/^Connected Libraries^https://eytaxca.sharepoint.com/Sites/c637c8389db64200bffc06bc5d3a6e61/^Connected Libraries^ConnectedLibraries^0.01,,,,
https://eyonespace.ey.com/Sites/5315d0499dcc41d1b5d236f5c0a2a267/^Mormak Equipment Inc. - Mormak Equipment Inc_GCR_2018_Tasks^https://eytaxca.sharepoint.com/Sites/c637c8389db64200bffc06bc5d3a6e61/^Mormak Equipment Inc. - Mormak Equipment Inc_GCR_2018_Tasks^WorkflowTasks^0.01,,,,
https://eyonespace.ey.com/Sites/5315d0499dcc41d1b5d236f5c0a2a267/^EYI My Docs Workflow Mapping^https://eytaxca.sharepoint.com/Sites/c637c8389db64200bffc06bc5d3a6e61/^EYI My Docs Workflow Mapping^EYOSWorkflowMapping^0.01,,,,
https://eyonespace.ey.com/Sites/5315d0499dcc41d1b5d236f5c0a2a267/^Approval Workflows^https://eytaxca.sharepoint.com/Sites/c637c8389db64200bffc06bc5d3a6e61/^Approval Workflows^EYOSApprovalWorkflowslist^0.01,,,,
https://eyonespace.ey.com/Sites/7a1454a8cd3d46488507cb5ea8ac38f5/^Approval Steps^https://eytaxca.sharepoint.com/Sites/e65cacd96c444a43aee9ebf3bfc97fd0/^Approval Steps^EYOSApprovalStepslist^0.01,,,,
https://eyonespace.ey.com/Sites/7a1454a8cd3d46488507cb5ea8ac38f5/^Connected Libraries^https://eytaxca.sharepoint.com/Sites/e65cacd96c444a43aee9ebf3bfc97fd0/^Connected Libraries^ConnectedLibraries^0.01,,,,
https://eyonespace.ey.com/Sites/7a1454a8cd3d46488507cb5ea8ac38f5/^I.C.C. Compagnie de Chemin?es Industrielles Inc - Global Trade - On-Call - 2018_Library^https://eytaxca.sharepoint.com/Sites/e65cacd96c444a43aee9ebf3bfc97fd0/^I.C.C. Compagnie de Chemin?es Industrielles Inc - Global Trade - On-Call - 2018_Library^EngagementDocumentLibrary^0.01,,,,
https://eyonespace.ey.com/Sites/7a1454a8cd3d46488507cb5ea8ac38f5/^Approval Workflows^https://eytaxca.sharepoint.com/Sites/e65cacd96c444a43aee9ebf3bfc97fd0/^Approval Workflows^EYOSApprovalWorkflowslist^0.01,,,,
https://eyonespace.ey.com/Sites/7a1454a8cd3d46488507cb5ea8ac38f5/^EYI My Docs Workflow Mapping^https://eytaxca.sharepoint.com/Sites/e65cacd96c444a43aee9ebf3bfc97fd0/^EYI My Docs Workflow Mapping^EYOSWorkflowMapping^0.01,,,,
https://eyonespace.ey.com/Sites/7a1454a8cd3d46488507cb5ea8ac38f5/^Document Copy Audit^https://eytaxca.sharepoint.com/Sites/e65cacd96c444a43aee9ebf3bfc97fd0/^Document Copy Audit^DocumentCopyAudit^0.01,,,,
https://eyonespace.ey.com/Sites/7a1454a8cd3d46488507cb5ea8ac38f5/^Global Trade^https://eytaxca.sharepoint.com/Sites/e65cacd96c444a43aee9ebf3bfc97fd0/^Global Trade^Global Trade^2.20,,,,
https://eyonespace.ey.com/Sites/7a1454a8cd3d46488507cb5ea8ac38f5/^Workspace Reports Library^https://eytaxca.sharepoint.com/Sites/e65cacd96c444a43aee9ebf3bfc97fd0/^Workspace Reports Library^WorkspaceReportsLibrary^0.01,,,,
https://eyonespace.ey.com/Sites/7a1454a8cd3d46488507cb5ea8ac38f5/^I.C.C. Compagnie de Chemin?es Industrielles Inc - Global Trade - On-Call - 2018_Tasks^https://eytaxca.sharepoint.com/Sites/e65cacd96c444a43aee9ebf3bfc97fd0/^I.C.C. Compagnie de Chemin?es Industrielles Inc - Global Trade - On-Call - 2018_Tasks^WorkflowTasks^0.01,,,,
https://eyonespace.ey.com/Sites/7a1454a8cd3d46488507cb5ea8ac38f5/^Connected Lists^https://eytaxca.sharepoint.com/Sites/e65cacd96c444a43aee9ebf3bfc97fd0/^Connected Lists^ConnectedLists^0.01,,,,
https://eyonespace.ey.com/Sites/613890e48f0144bc8fe81c0524809abb/^Approval Steps^https://eytaxca.sharepoint.com/Sites/937fbcfc5d7343bd9a039e7a2690db22/^Approval Steps^EYOSApprovalStepslist^0.01,,,,
https://eyonespace.ey.com/Sites/613890e48f0144bc8fe81c0524809abb/^Connected Lists^https://eytaxca.sharepoint.com/Sites/937fbcfc5d7343bd9a039e7a2690db22/^Connected Lists^ConnectedLists^0.01,,,,
https://eyonespace.ey.com/Sites/613890e48f0144bc8fe81c0524809abb/^Document Copy Audit^https://eytaxca.sharepoint.com/Sites/937fbcfc5d7343bd9a039e7a2690db22/^Document Copy Audit^DocumentCopyAudit^0.01,,,,
https://eyonespace.ey.com/Sites/613890e48f0144bc8fe81c0524809abb/^Approval Workflows^https://eytaxca.sharepoint.com/Sites/937fbcfc5d7343bd9a039e7a2690db22/^Approval Workflows^EYOSApprovalWorkflowslist^0.01,,,,
https://eyonespace.ey.com/Sites/613890e48f0144bc8fe81c0524809abb/^Connected Libraries^https://eytaxca.sharepoint.com/Sites/937fbcfc5d7343bd9a039e7a2690db22/^Connected Libraries^ConnectedLibraries^0.01,,,,
https://eyonespace.ey.com/Sites/613890e48f0144bc8fe81c0524809abb/^EYI My Docs Workflow Mapping^https://eytaxca.sharepoint.com/Sites/937fbcfc5d7343bd9a039e7a2690db22/^EYI My Docs Workflow Mapping^EYOSWorkflowMapping^0.01,,,,
https://eyonespace.ey.com/Sites/613890e48f0144bc8fe81c0524809abb/^HCL America Inc. - HCL America Inc_Tax Advisory_2020_Library^https://eytaxca.sharepoint.com/Sites/937fbcfc5d7343bd9a039e7a2690db22/^HCL America Inc. - HCL America Inc_Tax Advisory_2020_Library^EngagementDocumentLibrary^0.01,,,,
https://eyonespace.ey.com/Sites/613890e48f0144bc8fe81c0524809abb/^HCL America Inc. - HCL America Inc_Tax Advisory_2020_Tasks^https://eytaxca.sharepoint.com/Sites/937fbcfc5d7343bd9a039e7a2690db22/^HCL America Inc. - HCL America Inc_Tax Advisory_2020_Tasks^WorkflowTasks^0.01,,,,
https://eyonespace.ey.com/Sites/613890e48f0144bc8fe81c0524809abb/^Strong Bridge LLC_Indirect Tax_2019^https://eytaxca.sharepoint.com/Sites/937fbcfc5d7343bd9a039e7a2690db22/^Strong Bridge LLC_Indirect Tax_2019^Strong Bridge LLC_Indirect Tax_2019^0.01,,,,
https://eyonespace.ey.com/Sites/613890e48f0144bc8fe81c0524809abb/^HCL America_GST Audit_2019.09.30^https://eytaxca.sharepoint.com/Sites/937fbcfc5d7343bd9a039e7a2690db22/^HCL America_GST Audit_2019.09.30^HCL America_GST Audit_20190930^0.00,,,,
https://eyonespace.ey.com/Sites/613890e48f0144bc8fe81c0524809abb/^Workspace Reports Library^https://eytaxca.sharepoint.com/Sites/937fbcfc5d7343bd9a039e7a2690db22/^Workspace Reports Library^WorkspaceReportsLibrary^0.01,,,,
https://eyonespace.ey.com/Sites/5e2d928ba6804fdc86119d007d42e098/^Approval Workflows^https://eytaxca.sharepoint.com/Sites/f5ab120392364d599e45383db473e71e/^Approval Workflows^EYOSApprovalWorkflowslist^0.01,,,,
https://eyonespace.ey.com/Sites/5e2d928ba6804fdc86119d007d42e098/^Approval Steps^https://eytaxca.sharepoint.com/Sites/f5ab120392364d599e45383db473e71e/^Approval Steps^EYOSApprovalStepslist^0.01,,,,
https://eyonespace.ey.com/Sites/5e2d928ba6804fdc86119d007d42e098/^Connected Libraries^https://eytaxca.sharepoint.com/Sites/f5ab120392364d599e45383db473e71e/^Connected Libraries^ConnectedLibraries^0.01,,,,
https://eyonespace.ey.com/Sites/5e2d928ba6804fdc86119d007d42e098/^EYI My Docs Workflow Mapping^https://eytaxca.sharepoint.com/Sites/f5ab120392364d599e45383db473e71e/^EYI My Docs Workflow Mapping^EYOSWorkflowMapping^0.01,,,,
https://eyonespace.ey.com/Sites/5e2d928ba6804fdc86119d007d42e098/^Vascor, Ltd. - Vascor Ltd_GCR_2018_Library^https://eytaxca.sharepoint.com/Sites/f5ab120392364d599e45383db473e71e/^Vascor, Ltd. - Vascor Ltd_GCR_2018_Library^EngagementDocumentLibrary^0.01,,
https://eyonespace.ey.com/Sites/5e2d928ba6804fdc86119d007d42e098/^Connected Lists^https://eytaxca.sharepoint.com/Sites/f5ab120392364d599e45383db473e71e/^Connected Lists^ConnectedLists^0.01,,,,
https://eyonespace.ey.com/Sites/5e2d928ba6804fdc86119d007d42e098/^Vascor Canada Ltd_T2_Dec 28, 2018^https://eytaxca.sharepoint.com/Sites/f5ab120392364d599e45383db473e71e/^Vascor Canada Ltd_T2_Dec 28, 2018^Vascor Canada Ltd_T2_Dec 28 2018^0.01,,
https://eyonespace.ey.com/Sites/5e2d928ba6804fdc86119d007d42e098/^Workspace Reports Library^https://eytaxca.sharepoint.com/Sites/f5ab120392364d599e45383db473e71e/^Workspace Reports Library^WorkspaceReportsLibrary^0.01,,,,
https://eyonespace.ey.com/Sites/5e2d928ba6804fdc86119d007d42e098/^Vascor Ltd_T2_Dec 28, 2018^https://eytaxca.sharepoint.com/Sites/f5ab120392364d599e45383db473e71e/^Vascor Ltd_T2_Dec 28, 2018^Vascor Ltd_T2_Dec 28 2018^0.01,,
https://eyonespace.ey.com/Sites/5e2d928ba6804fdc86119d007d42e098/^Vascor, Ltd. - Vascor Ltd_GCR_2018_Tasks^https://eytaxca.sharepoint.com/Sites/f5ab120392364d599e45383db473e71e/^Vascor, Ltd. - Vascor Ltd_GCR_2018_Tasks^WorkflowTasks^0.01,,
https://eyonespace.ey.com/Sites/5e2d928ba6804fdc86119d007d42e098/^Document Copy Audit^https://eytaxca.sharepoint.com/Sites/f5ab120392364d599e45383db473e71e/^Document Copy Audit^DocumentCopyAudit^0.01,,,,
https://eyonespace.ey.com/Sites/6661242b8775492b92e2ee1446f0744c/^Approval Steps^https://eytaxca.sharepoint.com/Sites/eaba2e4f239b483688e73a08eebc8efd/^Approval Steps^EYOSApprovalStepslist^0.01,,,,
https://eyonespace.ey.com/Sites/6661242b8775492b92e2ee1446f0744c/^Open Text Enterprise Apps Fund LP - First Ascent Ventures_GCR_2019_Tasks^https://eytaxca.sharepoint.com/Sites/eaba2e4f239b483688e73a08eebc8efd/^Open Text Enterprise Apps Fund LP - First Ascent Ventures_GCR_2019_Tasks^WorkflowTasks^0.01,,,,
https://eyonespace.ey.com/Sites/6661242b8775492b92e2ee1446f0744c/^Connected Lists^https://eytaxca.sharepoint.com/Sites/eaba2e4f239b483688e73a08eebc8efd/^Connected Lists^ConnectedLists^0.01,,,,
https://eyonespace.ey.com/Sites/6661242b8775492b92e2ee1446f0744c/^Open Text Enterprise Apps Fund LP - First Ascent Ventures_GCR_2019_Library^https://eytaxca.sharepoint.com/Sites/eaba2e4f239b483688e73a08eebc8efd/^Open Text Enterprise Apps Fund LP - First Ascent Ventures_GCR_2019_Library^EngagementDocumentLibrary^0.01,,,,
https://eyonespace.ey.com/Sites/6661242b8775492b92e2ee1446f0744c/^EYI My Docs Workflow Mapping^https://eytaxca.sharepoint.com/Sites/eaba2e4f239b483688e73a08eebc8efd/^EYI My Docs Workflow Mapping^EYOSWorkflowMapping^0.01,,,,
https://eyonespace.ey.com/Sites/6661242b8775492b92e2ee1446f0744c/^First Ascent Ventures Management Inc_T2_2019.12.31^https://eytaxca.sharepoint.com/Sites/eaba2e4f239b483688e73a08eebc8efd/^First Ascent Ventures Management Inc_T2_2019.12.31^First Ascent Ventures Management Inc_T2_20191231^0.01,,,,
https://eyonespace.ey.com/Sites/6661242b8775492b92e2ee1446f0744c/^Connected Libraries^https://eytaxca.sharepoint.com/Sites/eaba2e4f239b483688e73a08eebc8efd/^Connected Libraries^ConnectedLibraries^0.01,,,,
https://eyonespace.ey.com/Sites/6661242b8775492b92e2ee1446f0744c/^First Ascent Ventures GP Inc_T2_2019.12.31^https://eytaxca.sharepoint.com/Sites/eaba2e4f239b483688e73a08eebc8efd/^First Ascent Ventures GP Inc_T2_2019.12.31^First Ascent Ventures GP Inc_T2_20191231^0.01,,,,
https://eyonespace.ey.com/Sites/6661242b8775492b92e2ee1446f0744c/^Approval Workflows^https://eytaxca.sharepoint.com/Sites/eaba2e4f239b483688e73a08eebc8efd/^Approval Workflows^EYOSApprovalWorkflowslist^0.01,,,,
https://eyonespace.ey.com/Sites/6661242b8775492b92e2ee1446f0744c/^First Ascent Ventures NR 1_T5013_2019.12.31^https://eytaxca.sharepoint.com/Sites/eaba2e4f239b483688e73a08eebc8efd/^First Ascent Ventures NR 1_T5013_2019.12.31^First Ascent Ventures NR 1_T5013_20191231^0.01,,,,
https://eyonespace.ey.com/Sites/6661242b8775492b92e2ee1446f0744c/^Workspace Reports Library^https://eytaxca.sharepoint.com/Sites/eaba2e4f239b483688e73a08eebc8efd/^Workspace Reports Library^WorkspaceReportsLibrary^0.01,,,,
https://eyonespace.ey.com/Sites/6661242b8775492b92e2ee1446f0744c/^Document Copy Audit^https://eytaxca.sharepoint.com/Sites/eaba2e4f239b483688e73a08eebc8efd/^Document Copy Audit^DocumentCopyAudit^0.01,,,,
https://eyonespace.ey.com/Sites/6661242b8775492b92e2ee1446f0744c/^First Ascent Ventures I_T5013_2019.12.31^https://eytaxca.sharepoint.com/Sites/eaba2e4f239b483688e73a08eebc8efd/^First Ascent Ventures I_T5013_2019.12.31^First Ascent Ventures I_T5013_20191231^0.01,,,,
https://eyonespace.ey.com/Sites/7d1144a42d764f5793226498a52281b9/^Administration^https://eytaxca.sharepoint.com/Sites/b53d43c6a0f54ad5ab4a1871a87ba447/^Administration^Administration^0.01,,,,
https://eyonespace.ey.com/Sites/7d1144a42d764f5793226498a52281b9/^Approval Steps^https://eytaxca.sharepoint.com/Sites/b53d43c6a0f54ad5ab4a1871a87ba447/^Approval Steps^EYOSApprovalStepslist^0.01,,,,
https://eyonespace.ey.com/Sites/7d1144a42d764f5793226498a52281b9/^EYI My Docs Workflow Mapping^https://eytaxca.sharepoint.com/Sites/b53d43c6a0f54ad5ab4a1871a87ba447/^EYI My Docs Workflow Mapping^EYOSWorkflowMapping^0.01,,,,
https://eyonespace.ey.com/Sites/7d1144a42d764f5793226498a52281b9/^Connected Lists^https://eytaxca.sharepoint.com/Sites/b53d43c6a0f54ad5ab4a1871a87ba447/^Connected Lists^ConnectedLists^0.01,,,,
https://eyonespace.ey.com/Sites/7d1144a42d764f5793226498a52281b9/^Workspace Reports Library^https://eytaxca.sharepoint.com/Sites/b53d43c6a0f54ad5ab4a1871a87ba447/^Workspace Reports Library^WorkspaceReportsLibrary^0.01,,,,
https://eyonespace.ey.com/Sites/7d1144a42d764f5793226498a52281b9/^Connected Libraries^https://eytaxca.sharepoint.com/Sites/b53d43c6a0f54ad5ab4a1871a87ba447/^Connected Libraries^ConnectedLibraries^0.01,,,,
https://eyonespace.ey.com/Sites/7d1144a42d764f5793226498a52281b9/^Document Copy Audit^https://eytaxca.sharepoint.com/Sites/b53d43c6a0f54ad5ab4a1871a87ba447/^Document Copy Audit^DocumentCopyAudit^0.01,,,,
https://eyonespace.ey.com/Sites/7d1144a42d764f5793226498a52281b9/^Post Holdings, Inc. - ITS-Post CRA Audit Assistance_Library^https://eytaxca.sharepoint.com/Sites/b53d43c6a0f54ad5ab4a1871a87ba447/^Post Holdings, Inc. - ITS-Post CRA Audit Assistance_Library^EngagementDocumentLibrary^0.01,,
https://eyonespace.ey.com/Sites/7d1144a42d764f5793226498a52281b9/^Approval Workflows^https://eytaxca.sharepoint.com/Sites/b53d43c6a0f54ad5ab4a1871a87ba447/^Approval Workflows^EYOSApprovalWorkflowslist^0.01,,,,
https://eyonespace.ey.com/Sites/7d1144a42d764f5793226498a52281b9/^Post Holdings, Inc. - ITS-Post CRA Audit Assistance_Tasks^https://eytaxca.sharepoint.com/Sites/b53d43c6a0f54ad5ab4a1871a87ba447/^Post Holdings, Inc. - ITS-Post CRA Audit Assistance_Tasks^WorkflowTasks^0.01,,
https://eyonespace.ey.com/Sites/7d1144a42d764f5793226498a52281b9/^CRA Audit^https://eytaxca.sharepoint.com/Sites/b53d43c6a0f54ad5ab4a1871a87ba447/^CRA Audit^CRA Audit^0.01,,,,
