"List-Library Name","Site Title"
"appdata","Test Migration 3"
"Composed Looks","Test Migration 3"
"Content type publishing error log","Test Migration 3"
"Converted Forms","Test Migration 3"
"Documents","Test Migration 3"
"Form Templates","Test Migration 3"
"List Template Gallery","Test Migration 3"
"Master Page Gallery","Test Migration 3"
"Project Policy Item List","Test Migration 3"
"Site Assets","Test Migration 3"
"Site Pages","Test Migration 3"
"Solution Gallery","Test Migration 3"
"Style Library","Test Migration 3"
"TaxonomyHiddenList","Test Migration 3"
"Theme Gallery","Test Migration 3"
"User Information List","Test Migration 3"
"Web Part Gallery","Test Migration 3"
"wfpub","Test Migration 3"
"Composed Looks","TM3 Subsite 1"
"Documents","TM3 Subsite 1"
"Master Page Gallery","TM3 Subsite 1"
"Site Assets","TM3 Subsite 1"
"Site Pages","TM3 Subsite 1"
"TestLib1","TM3 Subsite 1"
"TestLib2","TM3 Subsite 1"
"TestList1","TM3 Subsite 1"
"TestList2","TM3 Subsite 1"
"Composed Looks","TM3 Subsite 2"
"Documents","TM3 Subsite 2"
"Master Page Gallery","TM3 Subsite 2"
"Site Assets","TM3 Subsite 2"
"Site Pages","TM3 Subsite 2"
"Composed Looks","TM3 Subsite 3"
"Documents","TM3 Subsite 3"
"Master Page Gallery","TM3 Subsite 3"
"Site Assets","TM3 Subsite 3"
"Site Pages","TM3 Subsite 3"
