"List-Library Name","Site Title"
"appdata","Test Migration 2"
"Composed Looks","Test Migration 2"
"Content type publishing error log","Test Migration 2"
"Converted Forms","Test Migration 2"
"Documents","Test Migration 2"
"Form Templates","Test Migration 2"
"List Template Gallery","Test Migration 2"
"Master Page Gallery","Test Migration 2"
"Project Policy Item List","Test Migration 2"
"Site Assets","Test Migration 2"
"Site Pages","Test Migration 2"
"Solution Gallery","Test Migration 2"
"Style Library","Test Migration 2"
"TaxonomyHiddenList","Test Migration 2"
"Theme Gallery","Test Migration 2"
"User Information List","Test Migration 2"
"Web Part Gallery","Test Migration 2"
"wfpub","Test Migration 2"
"Composed Looks","TM2 Subsite 1"
"Documents","TM2 Subsite 1"
"Form Templates","TM2 Subsite 1"
"Master Page Gallery","TM2 Subsite 1"
"Site Assets","TM2 Subsite 1"
"Site Pages","TM2 Subsite 1"
"Style Library","TM2 Subsite 1"
"TestDoc0329","TM2 Subsite 1"
"Composed Looks","MigrateSubsite"
"Documents","MigrateSubsite"
"Master Page Gallery","MigrateSubsite"
"Site Assets","MigrateSubsite"
"Site Pages","MigrateSubsite"
"TestLib1","MigrateSubsite"
"TestLib2","MigrateSubsite"
"TestList1","MigrateSubsite"
"TestList2","MigrateSubsite"
"Composed Looks","TM2 Subsite 3"
"Documents","TM2 Subsite 3"
"Master Page Gallery","TM2 Subsite 3"
"Site Assets","TM2 Subsite 3"
"Site Pages","TM2 Subsite 3"
