"List-Library Name","Site Title"
"appdata","Test Migration 1"
"Composed Looks","Test Migration 1"
"Content type publishing error log","Test Migration 1"
"Converted Forms","Test Migration 1"
"Documents","Test Migration 1"
"Form Templates","Test Migration 1"
"List Template Gallery","Test Migration 1"
"Master Page Gallery","Test Migration 1"
"Project Policy Item List","Test Migration 1"
"Site Assets","Test Migration 1"
"Site Pages","Test Migration 1"
"Solution Gallery","Test Migration 1"
"Style Library","Test Migration 1"
"TaxonomyHiddenList","Test Migration 1"
"Theme Gallery","Test Migration 1"
"User Information List","Test Migration 1"
"Web Part Gallery","Test Migration 1"
"wfpub","Test Migration 1"
"Composed Looks","MigrateSubsite"
"Documents","MigrateSubsite"
"Master Page Gallery","MigrateSubsite"
"Site Assets","MigrateSubsite"
"Site Pages","MigrateSubsite"
"TestLib1","MigrateSubsite"
"TestLib2","MigrateSubsite"
"TestList1","MigrateSubsite"
"Composed Looks","TM1 Subsite 3"
"Documents","TM1 Subsite 3"
"Master Page Gallery","TM1 Subsite 3"
"Site Assets","TM1 Subsite 3"
"Site Pages","TM1 Subsite 3"
"TestLib1","TM1 Subsite 3"
"TestLib2","TM1 Subsite 3"
"TestList1","TM1 Subsite 3"
"Composed Looks","EyTestSite0426"
"Documents","EyTestSite0426"
"Form Templates","EyTestSite0426"
"Master Page Gallery","EyTestSite0426"
"Site Assets","EyTestSite0426"
"Site Pages","EyTestSite0426"
"TestDoc","EyTestSite0426"
