{"name":"0980d1fd-b032-4e71-b980-4e34b1d10ae5","id":"/providers/Microsoft.Flow/flows/0980d1fd-b032-4e71-b980-4e34b1d10ae5","type":"Microsoft.Flow/flows","properties":{"apiId":"/providers/Microsoft.PowerApps/apis/shared_logicflows","displayName":"Grants Award Letter","definition":{"metadata":{"workflowEntityId":null,"processAdvisorMetadata":null,"flowChargedByPaygo":null,"flowclientsuspensionreason":"None","flowclientsuspensiontime":null,"flowclientsuspensionreasondetails":null,"creator":{"id":"35ea2755-60f8-486e-86d4-ecf01d70aa9c","type":"User","tenantId":"04aa6bf4-d436-426f-bfa4-04b7a70e60ff"},"provisioningMethod":"FromDefinition","failureAlertSubscription":true,"clientLastModifiedTime":"2023-05-22T19:39:51.7572995Z"},"$schema":"https://schema.management.azure.com/providers/Microsoft.Logic/schemas/2016-06-01/workflowdefinition.json#","contentVersion":"1.0.0.0","parameters":{"$connections":{"defaultValue":{},"type":"Object"},"$authentication":{"defaultValue":{},"type":"SecureObject"}},"triggers":{"When_an_item_is_created_or_modified":{"recurrence":{"frequency":"Minute","interval":5},"splitOn":"@triggerOutputs()?['body/value']","metadata":{"operationMetadataId":"b902a205-4b09-498a-ba69-b79f8186f799"},"type":"OpenApiConnection","inputs":{"host":{"apiId":"/providers/Microsoft.PowerApps/apis/shared_sharepointonline","connectionName":"shared_sharepointonline","operationId":"GetOnUpdatedItems"},"parameters":{"dataset":"https://nmgov.sharepoint.com/sites/PED-TitleIGrant/Test/IDEAB","table":"bb268671-1f8b-4d46-9f31-28bacc9186f7"},"authentication":"@parameters('$authentication')"}}},"actions":{"If_\"Run_WF\"_Equals_\"Yes\"":{"actions":{"Switch":{"runAfter":{},"cases":{"Program_Director":{"case":"Program Director","actions":{"Terminate_-_1":{"runAfter":{"Grant_Access_-_Program_Director":["Succeeded"]},"metadata":{"operationMetadataId":"202bb5f8-b813-411b-9888-0e2ccd9b413f"},"type":"Terminate","inputs":{"runStatus":"Succeeded"}},"Send_an_Email_-_1":{"runAfter":{"Create_Task_-_1":["Succeeded"]},"metadata":{"operationMetadataId":"2ddbc0fa-846a-4193-b82d-7a5634e237ce"},"type":"OpenApiConnection","inputs":{"host":{"apiId":"/providers/Microsoft.PowerApps/apis/shared_sendmail","connectionName":"shared_sendmail","operationId":"SendEmailV3"},"parameters":{"request/to":"@{triggerOutputs()?['body/Program_x0020_Bureau_x0020_Chief/Email']};","request/subject":"Grants Award Memo: @{triggerOutputs()?['body/Title']} - Program Director","request/text":"<p>Hello @{triggerOutputs()?['body/Program_x0020_Bureau_x0020_Chief/DisplayName']},<br>\n<br>\nThis is to inform you that a member of your staff has submitted an award memo for your review.<br>\n<br>\n<strong>Award Letter:</strong> After clicking the link below, please select the appropriate award letter. After clicking on the proper award letter, scroll down to “Attachments.” To edit the document, open the attachment and click “Edit Document” in the righthand corner of the page, then click “Open in Desktop App.” A Word document will appear, make the necessary edits, and click the save button. You may then close the document and the updates will save automatically. If you want to double-check, you may open the attachment to ensure it was saved correctly. &nbsp;<br>\n@{triggerOutputs()?['body/Link_x0020_to_x0020_Award_x0020_']}<br>\n<br>\n<strong>Award Letter Tasks:<br>\n</strong><br>\n- Ensure the supporting documents are included: SHARE Commitment Control, Appropriation (State), and/or GAN (Federal)<br>\n- Review the attached award memo for accuracy<br>\n- Approve/Decline/Send back to reviewer for corrections<br>\n- Change the Task \"Completion Status\" to \"Complete\"<br>\n<br>\n<strong>Link to Award Letter Task Item:</strong> @{outputs('Create_Task_-_1')?['body/{Link}']}<br>\n<br>\nThanks!<br>\n<br>\nGrants Award Letter Process</p>"},"authentication":"@parameters('$authentication')"}},"Create_Task_-_1":{"runAfter":{},"type":"OpenApiConnection","inputs":{"host":{"apiId":"/providers/Microsoft.PowerApps/apis/shared_sharepointonline","connectionName":"shared_sharepointonline","operationId":"PostItem"},"parameters":{"dataset":"https://nmgov.sharepoint.com/sites/PED-TitleIGrant/Test/IDEAB","table":"ab945414-7489-4dfd-a9a6-57ecdc74a54a","item/Title":"@triggerOutputs()?['body/Title']","item/TaskStatus/Value":"Program Director","item/AssignedTo/Claims":"@triggerOutputs()?['body/Program_x0020_Bureau_x0020_Chief/DisplayName']","item/StartDate":"@triggerOutputs()?['body/Created']","item/Body":"\n<b>Award Letter Link:</b> @{triggerOutputs()?['body/Link_x0020_to_x0020_Award_x0020_']}</br>\n<p>&nbsp;</p>\n<b>Award Letter Tasks:</b></br>\n<p>&nbsp;</p>\n<ul>\n<li> Ensure the supporting documents are included: SHARE Commitment \n Control, Appropriation (State), and/or GAN (Federal)</li>\n<li> Review the award memo at the link provided for accuracy</li>\n<li> Approve/Decline/Send back to reviewer for corrections</li>\n<li> Change the Task \"Completion Status\" to \"Complete\"</li>\n</ul>\n","item/Ref_x0020_ID":"@triggerOutputs()?['body/ID']","item/Link_x0020_to_x0020_Award_x0020_":"@triggerOutputs()?['body/Link_x0020_to_x0020_Award_x0020_']","item/Priority/Value":"(2) Normal","item/Ref_x0020_Title":"@triggerOutputs()?['body/Title']"},"authentication":"@parameters('$authentication')"}},"Create_Dashboard_-_1":{"runAfter":{"Send_an_Email_-_1":["Succeeded"]},"type":"OpenApiConnection","inputs":{"host":{"apiId":"/providers/Microsoft.PowerApps/apis/shared_sharepointonline","connectionName":"shared_sharepointonline","operationId":"PostItem"},"parameters":{"dataset":"https://nmgov.sharepoint.com/sites/PED-TitleIGrant/Test/IDEAB","table":"40095f66-cdb7-4b0c-9f0a-63091527ee01","item/Title":"@triggerOutputs()?['body/Title']","item/Status/Value":"Program Director","item/Current_x0020_Phase":"Program Director","item/Current_x0020_Participant/Claims":"@triggerOutputs()?['body/Program_x0020_Bureau_x0020_Chief/DisplayName']","item/Notification_x0020_Date":"@triggerOutputs()?['body/Created']","item/OData__Status/Value":"In Progress","item/Task_x0020_ID":"@outputs('Create_Task_-_1')?['body/ID']","item/Award_x0020_Letter_x0020_Link":"@triggerOutputs()?['body/Link_x0020_to_x0020_Award_x0020_']","item/Award_x0020_Letter_x0020_ID":"@triggerOutputs()?['body/ID']"},"authentication":"@parameters('$authentication')"}},"Update_Item_-_Grants_Award_Letter_-_DB_ID":{"runAfter":{"Create_Dashboard_-_1":["Succeeded"]},"type":"OpenApiConnection","inputs":{"host":{"apiId":"/providers/Microsoft.PowerApps/apis/shared_sharepointonline","connectionName":"shared_sharepointonline","operationId":"PatchItem"},"parameters":{"dataset":"https://nmgov.sharepoint.com/sites/PED-TitleIGrant/Test/IDEAB","table":"bb268671-1f8b-4d46-9f31-28bacc9186f7","id":"@triggerOutputs()?['body/ID']","item/Title":"@triggerOutputs()?['body/Title']","item/Run_x0020_WF/Value":"No","item/DB_x0020_ID0":"@outputs('Create_Dashboard_-_1')?['body/ID']"},"authentication":"@parameters('$authentication')"}},"Update_Item_-_Grants_Award_Task_List_-_DB_ID":{"runAfter":{"Update_Item_-_Grants_Award_Letter_-_DB_ID":["Succeeded"]},"type":"OpenApiConnection","inputs":{"host":{"apiId":"/providers/Microsoft.PowerApps/apis/shared_sharepointonline","connectionName":"shared_sharepointonline","operationId":"PatchItem"},"parameters":{"dataset":"https://nmgov.sharepoint.com/sites/PED-TitleIGrant/Test/IDEAB","table":"ab945414-7489-4dfd-a9a6-57ecdc74a54a","id":"@outputs('Create_Task_-_1')?['body/ID']","item/Title":"@outputs('Create_Task_-_1')?['body/Title']","item/DB_x0020_ID":"@outputs('Create_Dashboard_-_1')?['body/ID']","item/TaskStatus/Value":"Program Director","item/Priority/Value":"(2) Normal"},"authentication":"@parameters('$authentication')"}},"Create_History_Item_-_1":{"runAfter":{"Update_Item_-_Grants_Award_Task_List_-_DB_ID":["Succeeded"]},"type":"OpenApiConnection","inputs":{"host":{"apiId":"/providers/Microsoft.PowerApps/apis/shared_sharepointonline","connectionName":"shared_sharepointonline","operationId":"PostItem"},"parameters":{"dataset":"https://nmgov.sharepoint.com/sites/PED-TitleIGrant/Test/IDEAB","table":"ce4623fa-3672-4b58-a198-a9f0620ca16d","item/Title":"@triggerOutputs()?['body/Title']","item/Action_x0020_Type/Value":"Task Created and Email Sent","item/Status/Value":"Program Director","item/Action_x0020_Participant/Claims":"@triggerOutputs()?['body/Program_x0020_Bureau_x0020_Chief/DisplayName']","item/Link_x0020_to_x0020_Award_x0020_":"@triggerOutputs()?['body/Link_x0020_to_x0020_Award_x0020_']","item/DTG":"@triggerOutputs()?['body/Created']","item/DB_x0020_ID":"@{triggerOutputs()?['body/DB_x0020_ID0']}@{outputs('Create_Dashboard_-_1')?['body/ID']}","item/Related_x0020_ID":"@outputs('Update_Item_-_Grants_Award_Task_List_-_DB_ID')?['body/ID']","item/List_x0020_Name":"Grants Award Letter","item/Additional_x0020_Log_x0020_Detai":"New Award Letter Memo Created, Dashboard Item Created, New Task for Program Director"},"authentication":"@parameters('$authentication')"}},"Grant_Access_-_Requestor_-_1":{"runAfter":{"Stop_Sharing_Item_-_Grants_Award_Letter_-_Site_Owner_Keeps_FC_-_1":["Succeeded"]},"type":"OpenApiConnection","inputs":{"host":{"apiId":"/providers/Microsoft.PowerApps/apis/shared_sharepointonline","connectionName":"shared_sharepointonline","operationId":"GrantAccess"},"parameters":{"dataset":"https://nmgov.sharepoint.com/sites/PED-TitleIGrant/Test/IDEAB","table":"bb268671-1f8b-4d46-9f31-28bacc9186f7","id":"@triggerOutputs()?['body/ID']","parameter/recipients":"@triggerOutputs()?['body/Requestor_x0020__x002d__x0020_Na/Email']","parameter/roleValue":"role:1073741827","parameter/emailBody":"You, as the requestor, have been granted edit access to the Grants Award Memo List item entitled - @{triggerOutputs()?['body/Title']}.","parameter/sendEmail":true},"authentication":"@parameters('$authentication')"}},"Break_Inheritance":{"runAfter":{"Create_History_Item_-_1":["Succeeded"]},"type":"OpenApiConnection","inputs":{"host":{"apiId":"/providers/Microsoft.PowerApps/apis/shared_sharepointonline","connectionName":"shared_sharepointonline","operationId":"HttpRequest"},"parameters":{"dataset":"https://nmgov.sharepoint.com/sites/PED-TitleIGrant/Test/IDEAB","parameters/method":"POST","parameters/uri":"_api/lists/getByTitle('Grants Award Letter')/items('@{triggerOutputs()?['body/ID']}')/breakroleinheritance(copyRoleAssignments=false,clearSubscopes=true)"},"authentication":"@parameters('$authentication')"}},"Stop_Sharing_Item_-_Grants_Award_Letter_-_Site_Owner_Keeps_FC_-_1":{"runAfter":{"Break_Inheritance":["Succeeded"]},"type":"OpenApiConnection","inputs":{"host":{"apiId":"/providers/Microsoft.PowerApps/apis/shared_sharepointonline","connectionName":"shared_sharepointonline","operationId":"UnshareItem"},"parameters":{"dataset":"https://nmgov.sharepoint.com/sites/PED-TitleIGrant/Test/IDEAB","table":"bb268671-1f8b-4d46-9f31-28bacc9186f7","id":"@triggerOutputs()?['body/ID']"},"authentication":"@parameters('$authentication')"}},"Grant_Access_-_Program_Director":{"runAfter":{"Grant_Access_-_Requestor_-_1":["Succeeded"]},"type":"OpenApiConnection","inputs":{"host":{"apiId":"/providers/Microsoft.PowerApps/apis/shared_sharepointonline","connectionName":"shared_sharepointonline","operationId":"GrantAccess"},"parameters":{"dataset":"https://nmgov.sharepoint.com/sites/PED-TitleIGrant/Test/IDEAB","table":"bb268671-1f8b-4d46-9f31-28bacc9186f7","id":"@triggerOutputs()?['body/ID']","parameter/recipients":"@triggerOutputs()?['body/Program_x0020_Bureau_x0020_Chief/Email']","parameter/roleValue":"role:1073741827","parameter/sendEmail":false},"authentication":"@parameters('$authentication')"}}}},"Director_of_Fiscal_Grants_Management_Bureau":{"case":"Director of Fiscal Grants Management Bureau","actions":{"Create_Task_-_2":{"runAfter":{},"type":"OpenApiConnection","inputs":{"host":{"apiId":"/providers/Microsoft.PowerApps/apis/shared_sharepointonline","connectionName":"shared_sharepointonline","operationId":"PostItem"},"parameters":{"dataset":"https://nmgov.sharepoint.com/sites/PED-TitleIGrant/Test/IDEAB","table":"ab945414-7489-4dfd-a9a6-57ecdc74a54a","item/Title":"@triggerOutputs()?['body/Title']","item/DB_x0020_ID":"@triggerOutputs()?['body/DB_x0020_ID0']","item/TaskStatus/Value":"Director of Fiscal Grants Management Bureau","item/AssignedTo/Claims":"@triggerOutputs()?['body/Bureau_x0020_Chief_x0020_of_x0020/DisplayName']","item/StartDate":"@triggerOutputs()?['body/Created']","item/Body":"\n<b>Award Letter Link:</b> @{triggerOutputs()?['body/Link_x0020_to_x0020_Award_x0020_']} \n<p>&nbsp;</p>\n<b>Award letter Tasks:</b><p>&nbsp;</p>\n- Review the award memo at the link provided and supplemental documents for accuracy<p>&nbsp;</p>\n- Upload Final Award Table to R:Drive<p>&nbsp;</p>\n- Certify Award Memo, Supplement and Fiscal Table and upload to the “Certified” folder in R:Drive<p>&nbsp;<p>&nbsp;</p>\n&emsp;<b>State:</b> Certified Award documents: \\\\172.30.5.52\\PED Files\\_PED Shared Files\\State Grants Management\\FY2X\\AWARD LETTER TEMPLATES\\<<Fund Number<<Fund Name>>\\<<certification number>>\\<<FINAL.doc>>\nUpon certification the file is saved within a folder containing the certification number as assigned in DocuSign.<p>&nbsp;<p>&nbsp;</p>\n&emsp;<b>Federal:</b> Certified Award documents: \\\\172.30.5.52\\PED Files\\_PED Shared Files\\Federal Grants Management\\FY2X\\AWARD LETTER TEMPLATES\\<<Fund Number<<Fund Name>>\\<<certification number>>\\<<FINAL.doc>>\nUpon certification the file is saved within a folder containing the certification number as assigned in DocuSign.<p>&nbsp;</p>\n- Approve/Decline/Send back to the appropriate party for corrections<p>&nbsp;</p>\n- Change the Task \"Completion Status\" to \"Complete\"<p>&nbsp;</p>\n","item/Ref_x0020_ID":"@triggerOutputs()?['body/ID']","item/Link_x0020_to_x0020_Award_x0020_":"@triggerOutputs()?['body/Link_x0020_to_x0020_Award_x0020_']","item/Priority/Value":"(2) Normal","item/Ref_x0020_Title":"@triggerOutputs()?['body/Title']"},"authentication":"@parameters('$authentication')"}},"Terminate_-_2":{"runAfter":{"Grant_Access_-_Director_of_Fiscal_Grants_MB":["Succeeded"]},"type":"Terminate","inputs":{"runStatus":"Succeeded"}},"Update_Dashboard_-_2":{"runAfter":{"Send_an_email_-_2":["Succeeded"]},"type":"OpenApiConnection","inputs":{"host":{"apiId":"/providers/Microsoft.PowerApps/apis/shared_sharepointonline","connectionName":"shared_sharepointonline","operationId":"PatchItem"},"parameters":{"dataset":"https://nmgov.sharepoint.com/sites/PED-TitleIGrant/Test/IDEAB","table":"40095f66-cdb7-4b0c-9f0a-63091527ee01","id":"@triggerOutputs()?['body/DB_x0020_ID0']","item/Title":"@triggerOutputs()?['body/Title']","item/Status/Value":"Director of Fiscal Grants Management Bureau","item/Current_x0020_Phase":"Director of Fiscal Grants Management Bureau","item/Current_x0020_Participant/Claims":"@triggerOutputs()?['body/Program_x0020_Bureau_x0020_Chief/Email']","item/Notification_x0020_Date":"@triggerOutputs()?['body/Modified']","item/OData__Status/Value":"Assigned","item/Task_x0020_ID":"@outputs('Create_Task_-_2')?['body/ID']","item/Award_x0020_Letter_x0020_Link":"@triggerOutputs()?['body/Link_x0020_to_x0020_Award_x0020_']"},"authentication":"@parameters('$authentication')"}},"Create_History_Item_-_2":{"runAfter":{"Update_Dashboard_-_2":["Succeeded"]},"type":"OpenApiConnection","inputs":{"host":{"apiId":"/providers/Microsoft.PowerApps/apis/shared_sharepointonline","connectionName":"shared_sharepointonline","operationId":"PostItem"},"parameters":{"dataset":"https://nmgov.sharepoint.com/sites/PED-TitleIGrant/Test/IDEAB","table":"ce4623fa-3672-4b58-a198-a9f0620ca16d","item/Title":"@outputs('Update_Dashboard_-_2')?['body/Title']","item/Action_x0020_Type/Value":"Task Created and Email Sent","item/Status/Value":"Director of Fiscal Grants Management Bureau","item/Action_x0020_Participant/Claims":"@triggerOutputs()?['body/Bureau_x0020_Chief_x0020_of_x0020/DisplayName']","item/Link_x0020_to_x0020_Award_x0020_":"@triggerOutputs()?['body/Link_x0020_to_x0020_Award_x0020_']","item/DTG":"@outputs('Create_Task_-_2')?['body/Created']","item/DB_x0020_ID":"@triggerOutputs()?['body/DB_x0020_ID0']","item/Related_x0020_ID":"@outputs('Create_Task_-_2')?['body/ID']","item/List_x0020_Name":"Grants Award Letter","item/Additional_x0020_Log_x0020_Detai":"New Award Letter Memo Created, Dashboard Updated, Task Created for Director of Fiscal Grants Management Bureau"},"authentication":"@parameters('$authentication')"}},"Send_an_email_-_2":{"runAfter":{"Create_Task_-_2":["Succeeded"]},"type":"OpenApiConnection","inputs":{"host":{"apiId":"/providers/Microsoft.PowerApps/apis/shared_sendmail","connectionName":"shared_sendmail","operationId":"SendEmailV3"},"parameters":{"request/to":"@{triggerOutputs()?['body/Bureau_x0020_Chief_x0020_of_x0020/Email']};","request/subject":"Grants Award Memo: @{triggerOutputs()?['body/Title']} - Director of Fiscal Grants Management Bureau","request/text":"<p>Hello @{triggerOutputs()?['body/Bureau_x0020_Chief_x0020_of_x0020/DisplayName']},<br>\n<br>\nThis is to inform you that a Program Manager/Supervisor has submitted an award memo for your review. <br>\n<br>\n<strong>Award Letter Link: </strong>After clicking the link below, please select the appropriate award letter. After clicking on the proper award letter, scroll down to “Attachments.” To edit the document, open the attachment and click “Edit Document” in the righthand corner of the page, then click “Open in Desktop App.” A Word document will appear, make the necessary edits, and click the save button. You may then close the document and the updates will save automatically. If you want to double-check, you may open the attachment to ensure it was saved correctly. &nbsp;&nbsp;<br>\n@{triggerOutputs()?['body/Link_x0020_to_x0020_Award_x0020_']}<br>\n<br>\n<strong>Award Letter Tasks:</strong><br>\n<br>\n- Review the attached award memo and supplemental documents for accuracy<br>\n- Upload Final Award Table to R:Drive<br>\n- Certify Award Memo, Supplement and Fiscal Table and upload to the “Certified” folder in R:Drive<br>\n<br>\n &nbsp;&nbsp;&nbsp;<strong>State:</strong> Certified Award documents: \\\\172.30.5.52\\PED Files\\_PED Shared Files\\State Grants Management\\FY2X\\AWARD LETTER TEMPLATES\\&lt;&lt;Fund Number&lt;&lt;Fund Name&gt;&gt;\\&lt;&lt;certification number&gt;&gt;\\&lt;&lt;FINAL.doc&gt;&gt;<br>\nUpon certification the file is saved within a folder containing the certification number as assigned in DocuSign<br>\n<br>\n &nbsp;&nbsp;&nbsp;<strong>Federal: </strong>Certified Award documents: \\\\172.30.5.52\\PED Files\\_PED Shared Files\\Federal Grants Management\\FY2X\\AWARD LETTER TEMPLATES\\&lt;&lt;Fund Number&lt;&lt;Fund Name&gt;&gt;\\&lt;&lt;certification number&gt;&gt;\\&lt;&lt;FINAL.doc&gt;&gt;<br>\nUpon certification the file is saved within a folder containing the certification number as assigned in DocuSign.<br>\n<br>\n- Approve/Decline/Send back to the appropriate party for corrections<br>\n- Change the Task \"Completion Status\" to \"Complete\"<br>\n<br>\n<strong>Link to Award Letter Task Item: </strong><strong>@{outputs('Create_Task_-_2')?['body/{Link}']}</strong><br>\n<br>\nThanks!<br>\n<br>\nGrants Award Letter Process<br>\n</p>"},"authentication":"@parameters('$authentication')"}},"Grant_Access_-_Director_of_Fiscal_Grants_MB":{"runAfter":{"Grant_Access_-_Requestor_-_2":["Succeeded"]},"type":"OpenApiConnection","inputs":{"host":{"apiId":"/providers/Microsoft.PowerApps/apis/shared_sharepointonline","connectionName":"shared_sharepointonline","operationId":"GrantAccess"},"parameters":{"dataset":"https://nmgov.sharepoint.com/sites/PED-TitleIGrant/Test/IDEAB","table":"bb268671-1f8b-4d46-9f31-28bacc9186f7","id":"@triggerOutputs()?['body/ID']","parameter/recipients":"@triggerOutputs()?['body/Bureau_x0020_Chief_x0020_of_x0020/Email']","parameter/roleValue":"role:1073741827","parameter/sendEmail":false},"authentication":"@parameters('$authentication')"}},"Stop_Sharing_Item_-_Grants_Award_Letter_-_Site_Owner_Keeps_FC_-_2":{"runAfter":{"Create_History_Item_-_2":["Succeeded"]},"type":"OpenApiConnection","inputs":{"host":{"apiId":"/providers/Microsoft.PowerApps/apis/shared_sharepointonline","connectionName":"shared_sharepointonline","operationId":"UnshareItem"},"parameters":{"dataset":"https://nmgov.sharepoint.com/sites/PED-TitleIGrant/Test/IDEAB","table":"bb268671-1f8b-4d46-9f31-28bacc9186f7","id":"@triggerOutputs()?['body/ID']"},"authentication":"@parameters('$authentication')"}},"Grant_Access_-_Requestor_-_2":{"runAfter":{"Stop_Sharing_Item_-_Grants_Award_Letter_-_Site_Owner_Keeps_FC_-_2":["Succeeded"]},"type":"OpenApiConnection","inputs":{"host":{"apiId":"/providers/Microsoft.PowerApps/apis/shared_sharepointonline","connectionName":"shared_sharepointonline","operationId":"GrantAccess"},"parameters":{"dataset":"https://nmgov.sharepoint.com/sites/PED-TitleIGrant/Test/IDEAB","table":"bb268671-1f8b-4d46-9f31-28bacc9186f7","id":"@triggerOutputs()?['body/ID']","parameter/recipients":"@triggerOutputs()?['body/Requestor_x0020__x002d__x0020_Na/Email']","parameter/roleValue":"role:1073741827","parameter/sendEmail":false},"authentication":"@parameters('$authentication')"}}}},"Dir_of_Administration_Services_Division":{"case":"Dir of Administrative Services Division","actions":{"Terminate_-_3":{"runAfter":{"Grant_Access_-_Dir_of_Administrative_Services_Division":["Succeeded"]},"type":"Terminate","inputs":{"runStatus":"Succeeded"}},"Create_Task_-_3":{"runAfter":{},"type":"OpenApiConnection","inputs":{"host":{"apiId":"/providers/Microsoft.PowerApps/apis/shared_sharepointonline","connectionName":"shared_sharepointonline","operationId":"PostItem"},"parameters":{"dataset":"https://nmgov.sharepoint.com/sites/PED-TitleIGrant/Test/IDEAB","table":"ab945414-7489-4dfd-a9a6-57ecdc74a54a","item/Title":"@triggerOutputs()?['body/Title']","item/DB_x0020_ID":"@triggerOutputs()?['body/DB_x0020_ID0']","item/TaskStatus/Value":"Dir of Administrative Services Division","item/AssignedTo/Claims":"@triggerOutputs()?['body/Dir_x0020_of_x0020_Administratio/DisplayName']","item/StartDate":"@triggerOutputs()?['body/Created']","item/Body":"\n<b>Award Letter Link:</b> @{triggerOutputs()?['body/Link_x0020_to_x0020_Award_x0020_']} <p>&nbsp;</p>\n\n<b>Award letter Tasks:</b><p>&nbsp;</p>\n- Review the award memo at the link provided and supplemental documents for accuracy<p>&nbsp;</p>\n- Approve/Decline/Send back to the appropriate party for corrections<p>&nbsp;</p>\n- Change the Task \"Completion Status\" to \"Complete\"<p>&nbsp;</p>","item/Ref_x0020_ID":"@triggerOutputs()?['body/ID']","item/Link_x0020_to_x0020_Award_x0020_":"@triggerOutputs()?['body/Link_x0020_to_x0020_Award_x0020_']","item/Priority/Value":"(2) Normal","item/Ref_x0020_Title":"@triggerOutputs()?['body/Title']"},"authentication":"@parameters('$authentication')"}},"Send_an_email_-_3":{"runAfter":{"Create_Task_-_3":["Succeeded"]},"type":"OpenApiConnection","inputs":{"host":{"apiId":"/providers/Microsoft.PowerApps/apis/shared_sendmail","connectionName":"shared_sendmail","operationId":"SendEmailV3"},"parameters":{"request/to":"@{triggerOutputs()?['body/Dir_x0020_of_x0020_Administratio/Email']};","request/subject":"Test Email - Do Not Respond\nGrants Award Memo: @{triggerOutputs()?['body/Title']} - Dir of Administrative Services Division","request/text":"<p>Hello @{triggerOutputs()?['body/Dir_x0020_of_x0020_Administratio/DisplayName']}<br>\n<br>\nThis is to inform you that Fiscal Grants has submitted an award memo for your review.<br>\n<br>\n<strong>Award Letter Link:</strong> After clicking the link below, please select the appropriate award letter. After clicking on the proper award letter, scroll down to “Attachments.” To edit the document, open the attachment and click “Edit Document” in the righthand corner of the page, then click “Open in Desktop App.” A Word document will appear, make the necessary edits, and click the save button. You may then close the document and the updates will save automatically. If you want to double-check, you may open the attachment to ensure it was saved correctly. &nbsp;&nbsp;<br>\n@{triggerOutputs()?['body/Link_x0020_to_x0020_Award_x0020_']}<br>\n<br>\n<strong>Award Letter Tasks:</strong><br>\n<br>\n- Review the attached award memo and supplemental documents for accuracy<br>\n- Approve/Decline/Send back to the appropriate party for corrections<br>\n- Change the Task \"Completion Status\" to \"Complete\"<br>\n<br>\n<strong>Link to Award Letter Task Item:</strong> @{outputs('Create_Task_-_3')?['body/{Link}']}<br>\n<br>\nThanks!<br>\n<br>\nGrants Award Letter Process</p>"},"authentication":"@parameters('$authentication')"}},"Update_Dashboard_-_3":{"runAfter":{"Send_an_email_-_3":["Succeeded"]},"type":"OpenApiConnection","inputs":{"host":{"apiId":"/providers/Microsoft.PowerApps/apis/shared_sharepointonline","connectionName":"shared_sharepointonline","operationId":"PatchItem"},"parameters":{"dataset":"https://nmgov.sharepoint.com/sites/PED-TitleIGrant/Test/IDEAB","table":"40095f66-cdb7-4b0c-9f0a-63091527ee01","id":"@triggerOutputs()?['body/DB_x0020_ID0']","item/Title":"@triggerOutputs()?['body/Title']","item/Status/Value":"Dir of Administrative Services Division","item/Current_x0020_Phase":"Dir of Administration Services Division","item/Current_x0020_Participant/Claims":"@triggerOutputs()?['body/Dir_x0020_of_x0020_Administratio/Email']","item/Notification_x0020_Date":"@triggerOutputs()?['body/Modified']","item/OData__Status/Value":"In Progress","item/Task_x0020_ID":"@outputs('Create_Task_-_3')?['body/ID']","item/Award_x0020_Letter_x0020_Link":"@triggerOutputs()?['body/Link_x0020_to_x0020_Award_x0020_']"},"authentication":"@parameters('$authentication')"}},"Create_History_Item_-_3":{"runAfter":{"Update_Dashboard_-_3":["Succeeded"]},"type":"OpenApiConnection","inputs":{"host":{"apiId":"/providers/Microsoft.PowerApps/apis/shared_sharepointonline","connectionName":"shared_sharepointonline","operationId":"PostItem"},"parameters":{"dataset":"https://nmgov.sharepoint.com/sites/PED-TitleIGrant/Test/IDEAB","table":"ce4623fa-3672-4b58-a198-a9f0620ca16d","item/Title":"@triggerOutputs()?['body/Title']","item/Action_x0020_Type/Value":"Task Created and Email Sent","item/Status/Value":"Dir of Administrative Services Division","item/Action_x0020_Participant/Claims":"@triggerOutputs()?['body/Dir_x0020_of_x0020_Administratio/DisplayName']","item/Link_x0020_to_x0020_Award_x0020_":"@triggerOutputs()?['body/Link_x0020_to_x0020_Award_x0020_']","item/DTG":"@outputs('Create_Task_-_3')?['body/Created']","item/DB_x0020_ID":"@triggerOutputs()?['body/DB_x0020_ID0']","item/Related_x0020_ID":"@outputs('Create_Task_-_3')?['body/ID']","item/List_x0020_Name":"Grants Award Letter","item/Additional_x0020_Log_x0020_Detai":"New Award Letter Memo Created, Dashboard Updated, New Task Created for Dir of Administration"},"authentication":"@parameters('$authentication')"}},"Stop_Sharing_Item_-_Grants_Award_Letter_-_Site_Owner_Keeps_FC_-_3":{"runAfter":{"Create_History_Item_-_3":["Succeeded"]},"type":"OpenApiConnection","inputs":{"host":{"apiId":"/providers/Microsoft.PowerApps/apis/shared_sharepointonline","connectionName":"shared_sharepointonline","operationId":"UnshareItem"},"parameters":{"dataset":"https://nmgov.sharepoint.com/sites/PED-TitleIGrant/Test/IDEAB","table":"bb268671-1f8b-4d46-9f31-28bacc9186f7","id":"@triggerOutputs()?['body/ID']"},"authentication":"@parameters('$authentication')"}},"Grant_Access_-_Requestor_-_3":{"runAfter":{"Stop_Sharing_Item_-_Grants_Award_Letter_-_Site_Owner_Keeps_FC_-_3":["Succeeded"]},"type":"OpenApiConnection","inputs":{"host":{"apiId":"/providers/Microsoft.PowerApps/apis/shared_sharepointonline","connectionName":"shared_sharepointonline","operationId":"GrantAccess"},"parameters":{"dataset":"https://nmgov.sharepoint.com/sites/PED-TitleIGrant/Test/IDEAB","table":"bb268671-1f8b-4d46-9f31-28bacc9186f7","id":"@triggerOutputs()?['body/ID']","parameter/recipients":"@triggerOutputs()?['body/Dir_x0020_of_x0020_Administratio/Email']","parameter/roleValue":"role:1073741827","parameter/sendEmail":false},"authentication":"@parameters('$authentication')"}},"Grant_Access_-_Dir_of_Administrative_Services_Division":{"runAfter":{"Grant_Access_-_Requestor_-_3":["Succeeded"]},"type":"OpenApiConnection","inputs":{"host":{"apiId":"/providers/Microsoft.PowerApps/apis/shared_sharepointonline","connectionName":"shared_sharepointonline","operationId":"GrantAccess"},"parameters":{"dataset":"https://nmgov.sharepoint.com/sites/PED-TitleIGrant/Test/IDEAB","table":"bb268671-1f8b-4d46-9f31-28bacc9186f7","id":"@triggerOutputs()?['body/ID']","parameter/recipients":"@triggerOutputs()?['body/Requestor_x0020__x002d__x0020_Na/Email']","parameter/roleValue":"role:1073741827","parameter/sendEmail":false},"authentication":"@parameters('$authentication')"}}}},"F_and_O_Deputy_Secretary":{"case":"F and O Deputy Secretary","actions":{"Terminate_-_4":{"runAfter":{"Grant_Access_-_F_and_O_Deputy_Secretary":["Succeeded"]},"type":"Terminate","inputs":{"runStatus":"Succeeded"}},"Create_Task_-_4":{"runAfter":{},"type":"OpenApiConnection","inputs":{"host":{"apiId":"/providers/Microsoft.PowerApps/apis/shared_sharepointonline","connectionName":"shared_sharepointonline","operationId":"PostItem"},"parameters":{"dataset":"https://nmgov.sharepoint.com/sites/PED-TitleIGrant/Test/IDEAB","table":"ab945414-7489-4dfd-a9a6-57ecdc74a54a","item/Title":"@triggerOutputs()?['body/Title']","item/DB_x0020_ID":"@triggerOutputs()?['body/DB_x0020_ID0']","item/TaskStatus/Value":"F and O Deputy Secretary","item/AssignedTo/Claims":"@triggerOutputs()?['body/F_x0026_O_x0020_Deputy_x0020_Sec/DisplayName']","item/StartDate":"@triggerOutputs()?['body/Created']","item/Body":"\n<b>Award Letter Link:</b> <p>&nbsp;</p>\n\n<b>Award letter Tasks:</b> @{triggerOutputs()?['body/Link_x0020_to_x0020_Award_x0020_']}<p>&nbsp;</p>\n- Review the award memo at the link provided  and supplemental documents for accuracy<p>&nbsp;</p>\n- Approve/Decline/Send back to the appropriate party for corrections<p>&nbsp;</p>\n- Saved Word doc as a PDF and initiate DocuSign for the appropriate Program Deputy Secretary (please remember to cc’ the original requestor)<p>&nbsp;</p>\n- Change the Task \"Completion Status\" to \"Complete\"<p>&nbsp;</p>\n","item/Ref_x0020_ID":"@triggerOutputs()?['body/ID']","item/Link_x0020_to_x0020_Award_x0020_":"@triggerOutputs()?['body/Link_x0020_to_x0020_Award_x0020_']","item/Priority/Value":"(2) Normal","item/Ref_x0020_Title":"@triggerOutputs()?['body/Title']"},"authentication":"@parameters('$authentication')"}},"Send_an_Email_-_4":{"runAfter":{"Create_Task_-_4":["Succeeded"]},"type":"OpenApiConnection","inputs":{"host":{"apiId":"/providers/Microsoft.PowerApps/apis/shared_sendmail","connectionName":"shared_sendmail","operationId":"SendEmailV3"},"parameters":{"request/to":"@{triggerOutputs()?['body/F_x0026_O_x0020_Deputy_x0020_Sec/Email']};","request/subject":"Test Email - Do Not Respond\nGrants Award Memo: @{triggerOutputs()?['body/Title']} - F&O Deputy Secretary","request/text":"<p>Hello @{triggerOutputs()?['body/F_x0026_O_x0020_Deputy_x0020_Sec/DisplayName']},<br>\n<br>\nThis is to inform you that ASD has submitted an award memo for your review.<br>\n<br>\nThis is to inform you that ASD has submitted an award memo for your review.<br>\n<br>\n<strong>Award Letter Link: </strong>After clicking the link below, please select the appropriate award letter. After clicking on the proper award letter, scroll down to “Attachments.” To edit the document, open the attachment and click “Edit Document” in the righthand corner of the page, then click “Open in Desktop App.” A Word document will appear, make the necessary edits, and click the save button. You may then close the document and the updates will save automatically. If you want to double-check, you may open the attachment to ensure it was saved correctly. &nbsp;&nbsp;<br>\n@{triggerOutputs()?['body/Link_x0020_to_x0020_Award_x0020_']}<br>\n<br>\n<strong>Award Letter Tasks:</strong><br>\n<br>\n- Review the attached award memo and supplemental documents for accuracy<br>\n- Approve/Decline/Send back to the appropriate party for corrections<br>\n- Saved Word doc as a PDF and initiate DocuSign for the appropriate Program Deputy Secretary (please remember to cc’ the original requestor)<br>\n- Change the Task \"Completion Status\" to \"Complete\"<br>\n<br>\n<strong>Link to Award Letter Task Item:</strong> @{outputs('Create_Task_-_4')?['body/{Link}']}<br>\n<br>\nThanks!<br>\n<br>\nGrants Award Letter Process</p>"},"authentication":"@parameters('$authentication')"}},"Update_Dashboard_-_4":{"runAfter":{"Send_an_Email_-_4":["Succeeded"]},"type":"OpenApiConnection","inputs":{"host":{"apiId":"/providers/Microsoft.PowerApps/apis/shared_sharepointonline","connectionName":"shared_sharepointonline","operationId":"PatchItem"},"parameters":{"dataset":"https://nmgov.sharepoint.com/sites/PED-TitleIGrant/Test/IDEAB","table":"40095f66-cdb7-4b0c-9f0a-63091527ee01","id":"@triggerOutputs()?['body/DB_x0020_ID0']","item/Title":"@triggerOutputs()?['body/Title']","item/Status/Value":"F&O Deputy Secretary","item/Current_x0020_Phase":"F and O Deputy Secretary","item/Current_x0020_Participant/Claims":"@triggerOutputs()?['body/F_x0026_O_x0020_Deputy_x0020_Sec/Email']","item/Notification_x0020_Date":"@triggerOutputs()?['body/Modified']","item/OData__Status/Value":"Assigned","item/Task_x0020_ID":"@outputs('Create_Task_-_4')?['body/ID']","item/Award_x0020_Letter_x0020_Link":"@triggerOutputs()?['body/Link_x0020_to_x0020_Award_x0020_']"},"authentication":"@parameters('$authentication')"}},"Create_History_Item_-_4":{"runAfter":{"Update_Dashboard_-_4":["Succeeded"]},"type":"OpenApiConnection","inputs":{"host":{"apiId":"/providers/Microsoft.PowerApps/apis/shared_sharepointonline","connectionName":"shared_sharepointonline","operationId":"PostItem"},"parameters":{"dataset":"https://nmgov.sharepoint.com/sites/PED-TitleIGrant/Test/IDEAB","table":"ce4623fa-3672-4b58-a198-a9f0620ca16d","item/Title":"@triggerOutputs()?['body/Title']","item/Action_x0020_Type/Value":"Task Created and Email Sent","item/Status/Value":"F and O Deputy Secretary","item/Action_x0020_Participant/Claims":"@triggerOutputs()?['body/F_x0026_O_x0020_Deputy_x0020_Sec/DisplayName']","item/Link_x0020_to_x0020_Award_x0020_":"@triggerOutputs()?['body/Link_x0020_to_x0020_Award_x0020_']","item/DTG":"@outputs('Create_Task_-_4')?['body/Created']","item/DB_x0020_ID":"@outputs('Create_Task_-_4')?['body/DB_x0020_ID']","item/Related_x0020_ID":"@outputs('Create_Task_-_4')?['body/ID']","item/List_x0020_Name":"Grants Award Letter","item/Additional_x0020_Log_x0020_Detai":"New Award Letter Memo Created, Dashboard Updated, F & O Deputy Secretary"},"authentication":"@parameters('$authentication')"}},"Grant_Access_-_F_and_O_Deputy_Secretary":{"runAfter":{"Grant_Access_-_Requestor_-_4":["Succeeded"]},"type":"OpenApiConnection","inputs":{"host":{"apiId":"/providers/Microsoft.PowerApps/apis/shared_sharepointonline","connectionName":"shared_sharepointonline","operationId":"GrantAccess"},"parameters":{"dataset":"https://nmgov.sharepoint.com/sites/PED-TitleIGrant/Test/IDEAB","table":"bb268671-1f8b-4d46-9f31-28bacc9186f7","id":"@triggerOutputs()?['body/ID']","parameter/recipients":"@triggerOutputs()?['body/F_x0026_O_x0020_Deputy_x0020_Sec/Email']","parameter/roleValue":"role:1073741827","parameter/sendEmail":false},"authentication":"@parameters('$authentication')"}},"Stop_Sharing_Item_-_Grants_Award_Letter_-_Site_Owner_Keeps_FC_-_4":{"runAfter":{"Create_History_Item_-_4":["Succeeded"]},"type":"OpenApiConnection","inputs":{"host":{"apiId":"/providers/Microsoft.PowerApps/apis/shared_sharepointonline","connectionName":"shared_sharepointonline","operationId":"UnshareItem"},"parameters":{"dataset":"https://nmgov.sharepoint.com/sites/PED-TitleIGrant/Test/IDEAB","table":"bb268671-1f8b-4d46-9f31-28bacc9186f7","id":"@triggerOutputs()?['body/ID']"},"authentication":"@parameters('$authentication')"}},"Grant_Access_-_Requestor_-_4":{"runAfter":{"Stop_Sharing_Item_-_Grants_Award_Letter_-_Site_Owner_Keeps_FC_-_4":["Succeeded"]},"type":"OpenApiConnection","inputs":{"host":{"apiId":"/providers/Microsoft.PowerApps/apis/shared_sharepointonline","connectionName":"shared_sharepointonline","operationId":"GrantAccess"},"parameters":{"dataset":"https://nmgov.sharepoint.com/sites/PED-TitleIGrant/Test/IDEAB","table":"bb268671-1f8b-4d46-9f31-28bacc9186f7","id":"@triggerOutputs()?['body/ID']","parameter/recipients":"@triggerOutputs()?['body/Requestor_x0020__x002d__x0020_Na/Email']","parameter/roleValue":"role:1073741827","parameter/sendEmail":false},"authentication":"@parameters('$authentication')"}}}},"Liaison":{"case":"Liaison","actions":{"Terminate_-_5":{"runAfter":{"Grant_Access_-_Requestor_-_5":["Succeeded"]},"type":"Terminate","inputs":{"runStatus":"Succeeded"}},"Create_Task_-_5":{"runAfter":{},"type":"OpenApiConnection","inputs":{"host":{"apiId":"/providers/Microsoft.PowerApps/apis/shared_sharepointonline","connectionName":"shared_sharepointonline","operationId":"PostItem"},"parameters":{"dataset":"https://nmgov.sharepoint.com/sites/PED-TitleIGrant/Test/IDEAB","table":"ab945414-7489-4dfd-a9a6-57ecdc74a54a","item/Title":"@triggerOutputs()?['body/Title']","item/DB_x0020_ID":"@triggerOutputs()?['body/DB_x0020_ID0']","item/TaskStatus/Value":"Liaison","item/AssignedTo/Claims":"@triggerOutputs()?['body/Requestor_x0020__x002d__x0020_Na/DisplayName']","item/StartDate":"@triggerOutputs()?['body/Created']","item/Completion_x0020_Status/Value":"Assigned","item/Body":"<b>Award Letter Link:</b> @{triggerOutputs()?['body/Link_x0020_to_x0020_Award_x0020_']} <p>&nbsp;</p>\n\n<b>Award letter Tasks:</b><p>&nbsp;</p>\n- Upload signed award memo, supplement and award table into the R:Drive<p>&nbsp;</p>\n\n&emsp;<b>State:</b>Final State Award: \\\\172.30.5.52\\PED Files\\_PED Shared Files\\State Grants Management\\FY2X\\AWARD LETTER TO SUBRECIPIENTS\\<< Fund Number << Fund Name >><\\<<Fund_Number_Fund_Name_FY2XAward.pdf<p>&nbsp;</p>\n\n&emsp;<b>Federal:</b>\\\\172.30.5.52\\PED Files\\_PED Shared Files\\Federal Grants Management\\FY2X\\AWARD LETTER TO SUBRECIPIENTS\\<< Fund Number << Fund Name >>\\<<Fund_Number_Fund_Name_FY2XAward.pdf<p>&nbsp;</p>\n\n- Change the Task \"Completion Status\" to \"Complete\"<p>&nbsp;</p>\n","item/Ref_x0020_ID":"@triggerOutputs()?['body/ID']","item/Link_x0020_to_x0020_Award_x0020_":"@triggerOutputs()?['body/Link_x0020_to_x0020_Award_x0020_']","item/Priority/Value":"(2) Normal","item/Ref_x0020_Title":"@triggerOutputs()?['body/Title']"},"authentication":"@parameters('$authentication')"}},"Send_an_Email_-_5":{"runAfter":{"Create_Task_-_5":["Succeeded"]},"type":"OpenApiConnection","inputs":{"host":{"apiId":"/providers/Microsoft.PowerApps/apis/shared_sendmail","connectionName":"shared_sendmail","operationId":"SendEmailV3"},"parameters":{"request/to":"@{triggerOutputs()?['body/Requestor_x0020__x002d__x0020_Na/Email']};","request/subject":"Test Email - Do Not Respond\nGrants Award Memo: @{triggerOutputs()?['body/Title']} - Liaison","request/text":"<p>Hello @{triggerOutputs()?['body/Requestor_x0020__x002d__x0020_Na/DisplayName']},<br>\n<br>\nThis is to inform you that an award memo has been signed and is ready to be distributed.<br>\n<br>\n<strong>Award Letter Link:</strong> @{triggerOutputs()?['body/Link_x0020_to_x0020_Award_x0020_']}<br>\n<br>\n<strong>Award Letter Tasks:</strong><br>\n<br>\n- Upload signed award memo, supplement and award table into the R:Drive<br>\n<br>\n&nbsp;&nbsp;&nbsp;<strong>State:</strong> Final State Award: \\\\172.30.5.52\\PED Files\\_PED Shared Files\\State Grants Management\\FY2X\\AWARD LETTER TO SUBRECIPIENTS\\&lt;&lt;Fund Number&lt;&lt;Fund Name&gt;&gt;\\&lt;&lt;Fund Number_Fund_Name_FY2XAward.pdf<br>\n<br>\n&nbsp;&nbsp;&nbsp;<strong>Federal: </strong>\\\\172.30.5.52\\PED Files\\_PED Shared Files\\Federal Grants Management\\FY2X\\AWARD LETTER TO SUBRECIPIENTS\\&lt;&lt;Fund Number&lt;&lt;Fund Name&gt;&gt;\\&lt;&lt;Fund Number_Fund_Name_FY2XAward.pdf<br>\n<br>\n- Change the Task \"Completion Status\" to \"Complete\"<br>\n<br>\n<br>\n<strong>Link to Award Letter Task Item:</strong> @{outputs('Create_Task_-_5')?['body/{Link}']}<br>\n<br>\nThanks!<br>\n<br>\nGrants Award Letter Process</p>"},"authentication":"@parameters('$authentication')"}},"Update_Dashboard_-_5":{"runAfter":{"Send_an_Email_-_5":["Succeeded"]},"type":"OpenApiConnection","inputs":{"host":{"apiId":"/providers/Microsoft.PowerApps/apis/shared_sharepointonline","connectionName":"shared_sharepointonline","operationId":"PatchItem"},"parameters":{"dataset":"https://nmgov.sharepoint.com/sites/PED-TitleIGrant/Test/IDEAB","table":"40095f66-cdb7-4b0c-9f0a-63091527ee01","id":"@triggerOutputs()?['body/DB_x0020_ID0']","item/Title":"@triggerOutputs()?['body/Title']","item/Status/Value":"Liaison","item/Current_x0020_Phase":"Liaison","item/Current_x0020_Participant/Claims":"@triggerOutputs()?['body/Requestor_x0020__x002d__x0020_Na/Email']","item/Notification_x0020_Date":"@triggerOutputs()?['body/Modified']","item/OData__Status/Value":"Assigned","item/Task_x0020_ID":"@outputs('Create_Task_-_5')?['body/ID']","item/Award_x0020_Letter_x0020_Link":"@triggerOutputs()?['body/Link_x0020_to_x0020_Award_x0020_']"},"authentication":"@parameters('$authentication')"}},"Create_History_Item_-_5":{"runAfter":{"Update_Dashboard_-_5":["Succeeded"]},"type":"OpenApiConnection","inputs":{"host":{"apiId":"/providers/Microsoft.PowerApps/apis/shared_sharepointonline","connectionName":"shared_sharepointonline","operationId":"PostItem"},"parameters":{"dataset":"https://nmgov.sharepoint.com/sites/PED-TitleIGrant/Test/IDEAB","table":"ce4623fa-3672-4b58-a198-a9f0620ca16d","item/Title":"@triggerOutputs()?['body/Title']","item/Action_x0020_Type/Value":"Task Created and Email Sent","item/Status/Value":"Liaison","item/Action_x0020_Participant/Claims":"@triggerOutputs()?['body/Requestor_x0020__x002d__x0020_Na/DisplayName']","item/Link_x0020_to_x0020_Award_x0020_":"@triggerOutputs()?['body/Link_x0020_to_x0020_Award_x0020_']","item/DTG":"@outputs('Create_Task_-_5')?['body/Created']","item/DB_x0020_ID":"@triggerOutputs()?['body/DB_x0020_ID0']","item/Related_x0020_ID":"@outputs('Create_Task_-_5')?['body/ID']","item/List_x0020_Name":"Grants Award Letter","item/Additional_x0020_Log_x0020_Detai":"New Award Letter Memo Created, Dashboard Updated, New Task Created for Liaison, Process Completed"},"authentication":"@parameters('$authentication')"}},"Stop_Sharing_Item_-_Grants_Award_Letter_-_Site_Owner_Keeps_FC_-_5":{"runAfter":{"Create_History_Item_-_5":["Succeeded"]},"type":"OpenApiConnection","inputs":{"host":{"apiId":"/providers/Microsoft.PowerApps/apis/shared_sharepointonline","connectionName":"shared_sharepointonline","operationId":"UnshareItem"},"parameters":{"dataset":"https://nmgov.sharepoint.com/sites/PED-TitleIGrant/Test/IDEAB","table":"bb268671-1f8b-4d46-9f31-28bacc9186f7","id":"@triggerOutputs()?['body/ID']"},"authentication":"@parameters('$authentication')"}},"Grant_Access_-_Requestor_-_5":{"runAfter":{"Stop_Sharing_Item_-_Grants_Award_Letter_-_Site_Owner_Keeps_FC_-_5":["Succeeded"]},"type":"OpenApiConnection","inputs":{"host":{"apiId":"/providers/Microsoft.PowerApps/apis/shared_sharepointonline","connectionName":"shared_sharepointonline","operationId":"GrantAccess"},"parameters":{"dataset":"https://nmgov.sharepoint.com/sites/PED-TitleIGrant/Test/IDEAB","table":"bb268671-1f8b-4d46-9f31-28bacc9186f7","id":"@triggerOutputs()?['body/ID']","parameter/recipients":"@triggerOutputs()?['body/Requestor_x0020__x002d__x0020_Na/Email']","parameter/roleValue":"role:1073741827","parameter/sendEmail":false},"authentication":"@parameters('$authentication')"}}}},"Case":{"case":"Completed","actions":{"Send_an_Email_-_10":{"runAfter":{},"type":"OpenApiConnection","inputs":{"host":{"apiId":"/providers/Microsoft.PowerApps/apis/shared_sendmail","connectionName":"shared_sendmail","operationId":"SendEmailV3"},"parameters":{"request/to":"@{triggerOutputs()?['body/Requestor_x0020__x002d__x0020_Na/Email']};","request/subject":"Test Email - Do Not Respond\nGrants Award Memo: @{triggerOutputs()?['body/Title']} - Completed","request/text":"<p>Hello @{triggerOutputs()?['body/Requestor_x0020__x002d__x0020_Na/DisplayName']},<br>\n<br>\nThis is to inform you that...<br>\n<br>\n<strong>Award Letter Link:</strong> @{triggerOutputs()?['body/Award_x0020_Letter_x0020_Link']}<br>\n<br>\nApproval and Signing Process has Completed.<br>\n<br>\nThanks!<br>\n<br>\nGrants Award Letter Process</p>"},"authentication":"@parameters('$authentication')"}},"Terminate_-_10":{"runAfter":{"Create_History_Item_-_10":["Succeeded"]},"type":"Terminate","inputs":{"runStatus":"Succeeded"}},"Update_Dashboard_-_10":{"runAfter":{"Send_an_Email_-_10":["Succeeded"]},"type":"OpenApiConnection","inputs":{"host":{"apiId":"/providers/Microsoft.PowerApps/apis/shared_sharepointonline","connectionName":"shared_sharepointonline","operationId":"PatchItem"},"parameters":{"dataset":"https://nmgov.sharepoint.com/sites/PED-TitleIGrant/Test/IDEAB","table":"40095f66-cdb7-4b0c-9f0a-63091527ee01","id":"@triggerOutputs()?['body/DB_x0020_ID0']","item/Title":"@triggerOutputs()?['body/Title']","item/Status/Value":"Completed","item/Current_x0020_Phase":"Completed","item/Current_x0020_Participant/Claims":"@triggerOutputs()?['body/Requestor_x0020__x002d__x0020_Na/Email']","item/Notification_x0020_Date":"@triggerOutputs()?['body/Modified']","item/OData__Status/Value":"Completed","item/Task_x0020_ID":"@triggerOutputs()?['body/ID']","item/Award_x0020_Letter_x0020_Link":"@triggerOutputs()?['body/Link_x0020_to_x0020_Award_x0020_']"},"authentication":"@parameters('$authentication')"}},"Create_History_Item_-_10":{"runAfter":{"Update_Dashboard_-_10":["Succeeded"]},"type":"OpenApiConnection","inputs":{"host":{"apiId":"/providers/Microsoft.PowerApps/apis/shared_sharepointonline","connectionName":"shared_sharepointonline","operationId":"PostItem"},"parameters":{"dataset":"https://nmgov.sharepoint.com/sites/PED-TitleIGrant/Test/IDEAB","table":"ce4623fa-3672-4b58-a198-a9f0620ca16d","item/Title":"@triggerOutputs()?['body/Title']","item/Action_x0020_Type/Value":"Process Completed","item/Status/Value":"Requestor","item/Action_x0020_Participant/Claims":"@triggerOutputs()?['body/Requestor_x0020__x002d__x0020_Na/Email']","item/Link_x0020_to_x0020_Award_x0020_":"@triggerOutputs()?['body/Link_x0020_to_x0020_Award_x0020_']","item/DTG":"@triggerOutputs()?['body/Created']","item/DB_x0020_ID":"@triggerOutputs()?['body/DB_x0020_ID0']","item/Related_x0020_ID":"@outputs('Update_Dashboard_-_10')?['body/Task_x0020_ID']","item/List_x0020_Name":"Grants Award Letter","item/Additional_x0020_Log_x0020_Detai":"Grants Award Memo Process Completed"},"authentication":"@parameters('$authentication')"}}}}},"default":{"actions":{"Send_an_email_-_Default":{"runAfter":{},"type":"OpenApiConnection","inputs":{"host":{"apiId":"/providers/Microsoft.PowerApps/apis/shared_sendmail","connectionName":"shared_sendmail","operationId":"SendEmailV3"},"parameters":{"request/to":"@{triggerOutputs()?['body/Requestor_x0020__x002d__x0020_Na/Email']};","request/subject":"Grants Award Memo: @{triggerOutputs()?['body/Title']}","request/text":"<p><strong>Switch Condition Not Met</strong></p>"},"authentication":"@parameters('$authentication')"}},"Terminate_-_Default":{"runAfter":{"Send_an_email_-_Default":["Succeeded"]},"type":"Terminate","inputs":{"runStatus":"Failed","runError":{"code":"@triggerOutputs()?['body/Status/Value']","message":"No Switch Conditions Were Met."}}}}},"expression":"@triggerOutputs()?['body/Status/Value']","metadata":{"operationMetadataId":"fda68f82-81ca-4e74-8873-eac18c8f42ec"},"type":"Switch"}},"runAfter":{},"else":{"actions":{"Terminate_-_No":{"runAfter":{},"metadata":{"operationMetadataId":"ebac40b1-800d-4694-b56b-ec889e28e57a"},"type":"Terminate","inputs":{"runStatus":"Cancelled"}}}},"expression":{"equals":["@triggerOutputs()?['body/Run_x0020_WF/Value']","Yes"]},"metadata":{"operationMetadataId":"dbd80484-7b58-4118-9430-f951f23393c5"},"type":"If"}}},"connectionReferences":{"shared_sendmail":{"connectionName":"shared-sendmail-38119b45-93cc-4ad7-9ccd-0dadf6134d8a","source":"Embedded","id":"/providers/Microsoft.PowerApps/apis/shared_sendmail","tier":"NotSpecified"},"shared_sharepointonline":{"connectionName":"95f9df29f8f44063a99818cfb2a71c6f","source":"Embedded","id":"/providers/Microsoft.PowerApps/apis/shared_sharepointonline","tier":"NotSpecified"}},"flowFailureAlertSubscribed":false,"isManaged":false}}