﻿SiteID,BatchID,SourceUrl,TargetUrl,SourceType
7769,159,https://us.tdm.ey.net/sites/60601921523d4e789c19ab3249b9cf69,https://eyus.sharepoint.com/sites/eyimdUSA-0002640-MM,US_INTRANET
17151,174,https://us.tdm.ey.net/sites/c260537998454ad0960b45b47a7a95d7,https://eyus.sharepoint.com/sites/eyimdUSA-0001853-MM,US_INTRANET
17153,174,https://us.tdm.ey.net/sites/fcec3f75d6244af5932f9b84ee4ecaf9,https://eyus.sharepoint.com/sites/eyimdUSA-0001912-MM,US_INTRANET
17166,176,https://us.tdm.ey.net/sites/bb05b386ca804485bad1a9257536e6dd,https://eyus.sharepoint.com/sites/eyimdUSA-0001878-MM,US_INTRANET
17167,177,https://us.tdm.ey.net/sites/af0bb0f0f44644f1853fef3048de77d2,https://eyus.sharepoint.com/sites/eyimdUSA-0001877-MM,US_INTRANET
73027,270,https://us.tdm.ey.net/sites/02a6dedc54924bb3b0ccad1afd9c0d7d,https://eyus.sharepoint.com/sites/eyimdUSA-0003676-MM,US_INTRANET
73037,270,https://us.tdm.ey.net/sites/9629202c15814735aea6e8d0af977d0c,https://eyus.sharepoint.com/sites/eyimdUSA-0009934-MM,US_INTRANET
73042,270,https://us.tdm.ey.net/sites/f5c360b25b164fbba6459b41aa1caae5,https://eyus.sharepoint.com/sites/eyimdUSA-0003604-MM,US_INTRANET
73140,270,https://us.tdm.ey.net/sites/e2a72779c24a4fdb86209b8e672fd146,https://eyus.sharepoint.com/sites/eyimdUSA-0003808-MM,US_INTRANET
73159,270,https://us.tdm.ey.net/sites/25ac93ad4c1f4a6fb5a4de47f6302f5f,https://eyus.sharepoint.com/sites/eyimdUSA-0009751-MM,US_INTRANET
73168,270,https://us.tdm.ey.net/sites/9368ee75fd154a74a1aca81e0726d197,https://eyus.sharepoint.com/sites/eyimdUSA-0003521-MM,US_INTRANET
73238,270,https://us.tdm.ey.net/sites/9f6c3b7fb1e24131a35031de314587b4,https://eyus.sharepoint.com/sites/eyimdUSA-0008747-MM,US_INTRANET
73526,272,https://us.tdm.ey.net/sites/d2cd1720b81b4178b2c4bf8408673733,https://eyus.sharepoint.com/sites/eyimdUSA-0010226-MM,US_INTRANET
73729,272,https://us.tdm.ey.net/sites/0b3daec02d644d90b310cfbc14c1368c,https://eyus.sharepoint.com/sites/eyimdUSA-0015312-MM,US_INTRANET
73772,272,https://us.tdm.ey.net/sites/06614f248ac74da2aac6660669475a82,https://eyus.sharepoint.com/sites/eyimdUSA-0010423-MM,US_INTRANET
73806,272,https://us.tdm.ey.net/sites/c6211885c47d482dbb1b62c192bb55f7,https://eyus.sharepoint.com/sites/eyimdUSA-0010446-MM,US_INTRANET
73824,272,https://us.tdm.ey.net/sites/3e94b0901714413296e1adcc9afb4a22,https://eyus.sharepoint.com/sites/eyimdUSA-0010455-MM,US_INTRANET
73828,272,https://us.tdm.ey.net/sites/225fe98df75c40a49c260a24e413906b,https://eyus.sharepoint.com/sites/eyimdUSA-0010470-MM,US_INTRANET
73939,272,https://us.tdm.ey.net/sites/bfe402deadc34588a0bd4e8aa4e0422c,https://eyus.sharepoint.com/sites/eyimdUSA-0010576-MM,US_INTRANET
74063,272,https://us.tdm.ey.net/sites/480b6524301b417cb1352f99f2b060d5,https://eyus.sharepoint.com/sites/eyimdUSA-0010705-MM,US_INTRANET
74244,272,https://us.tdm.ey.net/sites/16d37b45fc6241c9a3f837bcef50ca62,https://eyus.sharepoint.com/sites/eyimdUSA-0010868-MM,US_INTRANET
74262,272,https://us.tdm.ey.net/sites/2b370893aa55488e83c74e9bb55c8cb5,https://eyus.sharepoint.com/sites/eyimdUSA-0010883-MM,US_INTRANET
74270,272,https://us.tdm.ey.net/sites/4067de9e6501457aab610fa3a504d6f0,https://eyus.sharepoint.com/sites/eyimdUSA-0010892-MM,US_INTRANET
74271,272,https://us.tdm.ey.net/sites/630f62225eb94c26a215f6b0b23cd664,https://eyus.sharepoint.com/sites/eyimdUSA-0010894-MM,US_INTRANET
74359,272,https://us.tdm.ey.net/sites/fd942af9406d4f2583ad79cd65118808,https://eyus.sharepoint.com/sites/eyimdUSA-0010978-MM,US_INTRANET
74496,272,https://us.tdm.ey.net/sites/6ae9d58c6dd94d0fa0c9f50c71f36310,https://eyus.sharepoint.com/sites/eyimdUSA-0011109-MM,US_INTRANET
74542,272,https://us.tdm.ey.net/sites/5b40460f05ec489c9ea52a6ce4a23bab,https://eyus.sharepoint.com/sites/eyimdUSA-0011152-MM,US_INTRANET
74620,272,https://us.tdm.ey.net/sites/40ab18794fc9478c84a9a4c726ccb472,https://eyus.sharepoint.com/sites/eyimdUSA-0011235-MM,US_INTRANET
74829,272,https://us.tdm.ey.net/sites/2693195584fd41ad95abf54242f081e4,https://eyus.sharepoint.com/sites/eyimdUSA-0011535-MM,US_INTRANET
74842,272,https://us.tdm.ey.net/sites/ec4b5b3bd51249ff8905f5e2e92b6566,https://eyus.sharepoint.com/sites/eyimdUSA-0015098-MM,US_INTRANET
74885,272,https://us.tdm.ey.net/sites/145a32349f8b4f879ce5c8460bbb9426,https://eyus.sharepoint.com/sites/eyimdUSA-0011604-MM,US_INTRANET
74941,272,https://us.tdm.ey.net/sites/4fee369bc0154cbaa506383622ad87d8,https://eyus.sharepoint.com/sites/eyimdUSA-0011685-MM,US_INTRANET
75115,272,https://us.tdm.ey.net/sites/a3ee8fef92e7400e894b7c83085410d2,https://eyus.sharepoint.com/sites/eyimdUSA-0011866-MM,US_INTRANET
75238,272,https://us.tdm.ey.net/sites/6075e42be28e446eb5298b620aa1b8c6,https://eyus.sharepoint.com/sites/eyimdUSA-0015202-MM,US_INTRANET
75390,274,https://us.tdm.ey.net/sites/a26b1380a6784be49e965cd3f790539d,https://eyus.sharepoint.com/sites/eyimdUSA-0012266-MM,US_INTRANET
75446,274,https://us.tdm.ey.net/sites/275fce0010c1406fa968d511e459424b,https://eyus.sharepoint.com/sites/eyimdUSA-0012306-MM,US_INTRANET
75462,274,https://us.tdm.ey.net/sites/8e19ed54f9b044988d0b798d86ede080,https://eyus.sharepoint.com/sites/eyimdUSA-0012317-MM,US_INTRANET
75472,274,https://us.tdm.ey.net/sites/3316a50a115241e99e380c631d6a9f0b,https://eyus.sharepoint.com/sites/eyimdUSA-0015933-MM,US_INTRANET
75485,274,https://us.tdm.ey.net/sites/0c8bb0527a0e4d2fb35258c4a2feca4b,https://eyus.sharepoint.com/sites/eyimdUSA-0012352-MM,US_INTRANET
75525,274,https://us.tdm.ey.net/sites/9715ad4f39e042e09fa93485760b3697,https://eyus.sharepoint.com/sites/eyimdUSA-0012391-MM,US_INTRANET
75566,274,https://us.tdm.ey.net/sites/d691be09facf45779060a40eaad584f8,https://eyus.sharepoint.com/sites/eyimdUSA-0012427-MM,US_INTRANET
75618,274,https://us.tdm.ey.net/sites/4724e37076e34461ac18473354cfbeef,https://eyus.sharepoint.com/sites/eyimdUSA-0012490-MM,US_INTRANET
75625,274,https://us.tdm.ey.net/sites/ce2c59bd1949497f8eb089c99ac60dee,https://eyus.sharepoint.com/sites/eyimdUSA-0012503-MM,US_INTRANET
75694,274,https://us.tdm.ey.net/sites/6a02559785884effbfa868f1d17f5e82,https://eyus.sharepoint.com/sites/eyimdUSA-0012589-MM,US_INTRANET
75708,274,https://us.tdm.ey.net/sites/9e8411ff7ad246f98656c9e728202237,https://eyus.sharepoint.com/sites/eyimdUSA-0012607-MM,US_INTRANET
75711,274,https://us.tdm.ey.net/sites/a4d32432628f4bc49a80d92fea4118cd,https://eyus.sharepoint.com/sites/eyimdUSA-0012604-MM,US_INTRANET
75741,274,https://us.tdm.ey.net/sites/42ad75efd35f43acaa30c14723030139,https://eyus.sharepoint.com/sites/eyimdUSA-0012670-MM,US_INTRANET
75749,274,https://us.tdm.ey.net/sites/02cec257d7b64f3a86bce320284f338f,https://eyus.sharepoint.com/sites/eyimdUSA-0012681-MM,US_INTRANET
75808,274,https://us.tdm.ey.net/sites/2f89c57c3fd4482482a7848c5353174f,https://eyus.sharepoint.com/sites/eyimdUSA-0012776-MM,US_INTRANET
75876,274,https://us.tdm.ey.net/sites/11654fa785ab41fea6293c34817485eb,https://eyus.sharepoint.com/sites/eyimdUSA-0012897-MM,US_INTRANET
75877,274,https://us.tdm.ey.net/sites/e3cc9fa3028b4f57ad4e4e2bbc6f7be2,https://eyus.sharepoint.com/sites/eyimdUSA-0012899-MM,US_INTRANET
75891,274,https://us.tdm.ey.net/sites/f244648296bc4ddc9d6caa9201de92e7,https://eyus.sharepoint.com/sites/eyimdUSA-0012911-MM,US_INTRANET
76000,274,https://us.tdm.ey.net/sites/b57cb85367c24afa95c09536fc8cfe94,https://eyus.sharepoint.com/sites/eyimdUSA-0013180-MM,US_INTRANET
76002,274,https://us.tdm.ey.net/sites/142033dda7aa4e1087750c51dc894e90,https://eyus.sharepoint.com/sites/eyimdUSA-0013176-MM,US_INTRANET
76033,274,https://us.tdm.ey.net/sites/95a09403bff24a34a63ca06a141df511,https://eyus.sharepoint.com/sites/eyimdUSA-0013201-MM,US_INTRANET
76066,274,https://us.tdm.ey.net/sites/a2866a89834c45ddb2f0f05146a5d9ce,https://eyus.sharepoint.com/sites/eyimdUSA-0013288-MM,US_INTRANET
76090,274,https://us.tdm.ey.net/sites/5d70dfb13bcd478aae0fc200ac8dcfee,https://eyus.sharepoint.com/sites/eyimdUSA-0013305-MM,US_INTRANET
76131,274,https://us.tdm.ey.net/sites/47f5661e43244383b3d1035f777804a3,https://eyus.sharepoint.com/sites/eyimdUSA-0014752-MM,US_INTRANET
76200,274,https://us.tdm.ey.net/sites/69613e83b8f8491ebdc14f84665a748f,https://eyus.sharepoint.com/sites/eyimdUSA-0013513-MM,US_INTRANET
76214,274,https://us.tdm.ey.net/sites/e8b6a46c9ed94dac8aee72c48851bbb2,https://eyus.sharepoint.com/sites/eyimdUSA-0013579-MM,US_INTRANET
76225,274,https://us.tdm.ey.net/sites/5520b237239d437eac82af03cac2b733,https://eyus.sharepoint.com/sites/eyimdUSA-0013601-MM,US_INTRANET
76261,274,https://us.tdm.ey.net/sites/5759ba06f46b44e68f56eeb8a8b57331,https://eyus.sharepoint.com/sites/eyimdUSA-0013688-MM,US_INTRANET
76320,274,https://us.tdm.ey.net/sites/1d503d7c23664f0b8c243f33692c1b95,https://eyus.sharepoint.com/sites/eyimdUSA-0013763-MM,US_INTRANET
76398,274,https://us.tdm.ey.net/sites/e10f122631fb4a61a880e03c6c53f363,https://eyus.sharepoint.com/sites/eyimdUSA-0013862-MM,US_INTRANET
76407,274,https://us.tdm.ey.net/sites/27cc4116ca9b4681823368db7f836932,https://eyus.sharepoint.com/sites/eyimdUSA-0013950-MM,US_INTRANET
76448,274,https://us.tdm.ey.net/sites/5776befeb0504fc2a48ec48a2ba46ede,https://eyus.sharepoint.com/sites/eyimdUSA-0013961-MM,US_INTRANET
76518,274,https://us.tdm.ey.net/sites/24d2e8d822a342c19ec438699553f957,https://eyus.sharepoint.com/sites/eyimdUSA-0014114-MM,US_INTRANET
76528,274,https://us.tdm.ey.net/sites/891ede9c87384b22a9276e9e0f179ddd,https://eyus.sharepoint.com/sites/eyimdUSA-0014126-MM,US_INTRANET
76556,274,https://us.tdm.ey.net/sites/3ef4080c58a640a1b9c1cc207abe0633,https://eyus.sharepoint.com/sites/eyimdUSA-0014157-MM,US_INTRANET
76624,274,https://us.tdm.ey.net/sites/3a63a35904924821ac994cd24a0dab0a,https://eyus.sharepoint.com/sites/eyimdUSA-0014319-MM,US_INTRANET
76638,274,https://us.tdm.ey.net/sites/684ea92d3eb04acdb018a7cefda30fb8,https://eyus.sharepoint.com/sites/eyimdUSA-0014328-MM,US_INTRANET
76643,274,https://us.tdm.ey.net/sites/f53527593e154d5085cc8447133a20a1,https://eyus.sharepoint.com/sites/eyimdUSA-0014327-MM,US_INTRANET
76672,274,https://us.tdm.ey.net/sites/524a9b65ddc845a69aeb3d04260d89f2,https://eyus.sharepoint.com/sites/eyimdUSA-0014407-MM,US_INTRANET
76687,274,https://us.tdm.ey.net/sites/f41093114d5046e6b48d7868f3909d6f,https://eyus.sharepoint.com/sites/eyimdUSA-0014425-MM,US_INTRANET
76725,274,https://us.tdm.ey.net/sites/8ae3fc7a727046eebfddb76051cb1cf8,https://eyus.sharepoint.com/sites/eyimdUSA-0014495-MM,US_INTRANET
76729,274,https://us.tdm.ey.net/sites/7e347e38856e4cca8c907e8754d6b845,https://eyus.sharepoint.com/sites/eyimdUSA-0014510-MM,US_INTRANET
76742,274,https://us.tdm.ey.net/sites/1a7ed9a8c38645e0b08d0b36f07ce38f,https://eyus.sharepoint.com/sites/eyimdUSA-0014514-MM,US_INTRANET
76771,274,https://us.tdm.ey.net/sites/573a6d037fda4591b1ac66955ad8f688,https://eyus.sharepoint.com/sites/eyimdUSA-0014590-MM,US_INTRANET
76800,275,https://us.tdm.ey.net/sites/72003d15486945cbb8be9956eea1339b,https://eyus.sharepoint.com/sites/eyimdUSA-0014567-MM,US_INTRANET
76828,275,https://us.tdm.ey.net/sites/75fcae53dbaa49cbaaa33ee3283f81c7,https://eyus.sharepoint.com/sites/eyimdUSA-0014621-MM,US_INTRANET
76830,275,https://us.tdm.ey.net/sites/9acfc2b622284e9ab53f1b728fd4e830,https://eyus.sharepoint.com/sites/eyimdUSA-0014620-MM,US_INTRANET
76860,275,https://us.tdm.ey.net/sites/19aba280d5574d8eb193be037a39086d,https://eyus.sharepoint.com/sites/eyimdUSA-0014706-MM,US_INTRANET
76913,275,https://us.tdm.ey.net/sites/14e3888d6f874839bfca966da6beb1be,https://eyus.sharepoint.com/sites/eyimdUSA-0014919-MM,US_INTRANET
76984,275,https://us.tdm.ey.net/sites/7fcb7e16613543acb782143cfb8f195d,https://eyus.sharepoint.com/sites/eyimdUSA-0015233-MM,US_INTRANET
77005,275,https://us.tdm.ey.net/sites/73a689cba9a74209874a98ad6bbf8c3b,https://eyus.sharepoint.com/sites/eyimdUSA-0015267-MM,US_INTRANET
77015,275,https://us.tdm.ey.net/sites/1604e63623a84fbe8f0633d180af4821,https://eyus.sharepoint.com/sites/eyimdUSA-0015297-MM,US_INTRANET
77180,275,https://us.tdm.ey.net/sites/9bc5968ce235427eb9fe112c1a4cb068,https://eyus.sharepoint.com/sites/eyimdUSA-0015544-MM,US_INTRANET
77191,275,https://us.tdm.ey.net/sites/69b399456b54442bbacc314490dee034,https://eyus.sharepoint.com/sites/eyimdUSA-0015543-MM,US_INTRANET
77204,275,https://us.tdm.ey.net/sites/45230484fe8740b492e76b1db01967ed,https://eyus.sharepoint.com/sites/eyimdUSA-0015553-MM,US_INTRANET
77261,275,https://us.tdm.ey.net/sites/66f088fbea6b4ac8b9bcac93e0db6d89,https://eyus.sharepoint.com/sites/eyimdUSA-0015629-MM,US_INTRANET
77287,275,https://us.tdm.ey.net/sites/2547fccc516042df968032e6d4307df1,https://eyus.sharepoint.com/sites/eyimdUSA-0015646-MM,US_INTRANET
77299,275,https://us.tdm.ey.net/sites/ecf1f99627d14b70bf13b00b0a521148,https://eyus.sharepoint.com/sites/eyimdUSA-0015652-MM,US_INTRANET
77303,275,https://us.tdm.ey.net/sites/11fb8f3a0b9347db94677c079805b89e,https://eyus.sharepoint.com/sites/eyimdUSA-0015668-MM,US_INTRANET
78364,533,https://us.tdm.ey.net/sites/760a384a7df944659c0ca9b7d3b44470,https://eyus.sharepoint.com/sites/eyimdUSA-0008776-MM,US_INTRANET
78368,533,https://us.tdm.ey.net/sites/87626c23398e4761ac7d3f1b97752de2,https://eyus.sharepoint.com/sites/eyimdUSA-0008786-MM,US_INTRANET
127751,430,https://us.tdm.ey.net/sites/43771f023eec47a69539c440a01eecc8,https://eyus.sharepoint.com/sites/eyimdUSA-0012061-MM,US_INTRANET
127780,430,https://us.tdm.ey.net/sites/98d5ac706aec4bcf9cd7c85cddbbfdb8,https://eyus.sharepoint.com/sites/eyimdUSA-0012114-MM,US_INTRANET
127784,430,https://us.tdm.ey.net/sites/b5ec9001b665431fa5f259fd4209d239,https://eyus.sharepoint.com/sites/eyimdUSA-0012120-MM,US_INTRANET
