﻿OriginalURL,TargetURL,MigrationStartDate,BannerType,SourceType
https://eygermany.sharepoint.com/sites/eyimdISR-0023723-MM,https://tdm.ey.net/sites/47d1f5b5ffd94fa1bbabdd2d6c95493a,6/8/2021,T-1,spo
https://eygermany.sharepoint.com/sites/eyimdISR-0025554-MM,https://tdm.ey.net/sites/d17669c7a78548e7bf30407bd0ce3a6c,6/8/2021,T-1,spo
https://eygermany.sharepoint.com/sites/eyimdISR-0025726-MM,https://tdm.ey.net/sites/e34b2256b3844f8a825025168f9dbcfa,6/8/2021,T-1,spo
https://eygermany.sharepoint.com/sites/eyimdROU-0009915-MM,https://tdm.ey.net/sites/139de447fbb046109dc7dd7f0a2d4ed8,6/8/2021,T-1,spo
https://eygermany.sharepoint.com/sites/eyimdROU-0014902-MC,https://eyonespace.ey.com/sites/9121cac24dbe4394ac00f2d4f05e2267,6/8/2021,T-1,spo
https://eygermany.sharepoint.com/sites/eyimdROU-0015035-MC,https://eyonespace.ey.com/sites/0028c908d08f4a849f4d9a6729b3c879,6/8/2021,T-1,spo
https://eygermany.sharepoint.com/sites/eyimdROU-0015413-MC,https://eyonespace.ey.com/sites/a518c1d03fa142218a400deb1bd2a5af,6/8/2021,T-1,spo
https://eygermany.sharepoint.com/sites/eyimdROU-0015422-MC,https://eyonespace.ey.com/sites/b51fa3ceca4842e399c692a149592728,6/8/2021,T-1,spo
https://eygermany.sharepoint.com/sites/eyimdROU-0015424-MC,https://eyonespace.ey.com/sites/408fbd9d78484868b1830ce63e484fcd,6/8/2021,T-1,spo
https://eygermany.sharepoint.com/sites/eyimdROU-0027288-MM,https://tdm.ey.net/sites/2f79ced895254cdab0623c91dc227b51,6/8/2021,T-1,spo
https://eygermany.sharepoint.com/sites/eyimdROU-0027435-MM,https://tdm.ey.net/sites/4bbe77b5e20a49d5a473f5c4fd81ec84,6/8/2021,T-1,spo
https://eygermany.sharepoint.com/sites/eyimdROU-0027447-MM,https://tdm.ey.net/sites/4ccd3de2ecde45a691984f7ce8c6a84a,6/8/2021,T-1,spo
https://eygermany.sharepoint.com/sites/eyimdROU-0027597-MM,https://tdm.ey.net/sites/9aef6c503ccb4945926c12fc442fdbf0,6/8/2021,T-1,spo
https://eygermany.sharepoint.com/sites/eyimdROU-0027713-MM,https://tdm.ey.net/sites/ac98cf70ceb14c9ba9c6a1ab06c5aac6,6/8/2021,T-1,spo
https://eygermany.sharepoint.com/sites/eyimdROU-0027745-MM,https://tdm.ey.net/sites/b2257c17544a405199d4cb4e7452b8a7,6/8/2021,T-1,spo
https://eygermany.sharepoint.com/sites/eyimdROU-0027759-MM,https://tdm.ey.net/sites/b90647aac3a74fde86aad8913bab3dc5,6/8/2021,T-1,spo
https://eygermany.sharepoint.com/sites/eyimdROU-0027808-MM,https://tdm.ey.net/sites/dad6a44ad03a4ed99d599bb24b3f3332,6/8/2021,T-1,spo
https://eygermany.sharepoint.com/sites/eyimdROU-0027945-MM,https://tdm.ey.net/sites/f496dcc9f0de4081baeeba7e2680c323,6/8/2021,T-1,spo
https://eygermany.sharepoint.com/sites/eyimdROU-0015034-MC,https://eyonespace.ey.com/sites/d6b17233007748e38de7da8de196c280,6/8/2021,T-1,spo
