source,destination
https://eyonespace.ey.com/Sites/7325742c58e844339d84161e5fcfe255,https://eytaxca.sharepoint.com/Sites/ee2076f2965945689a744eeac7c9256e
https://eyonespace.ey.com/Sites/42d41cfde020400b8410ebd1d7da8848,https://eytaxca.sharepoint.com/Sites/b7eb1515d5884bee8868018ae67d0d3f
https://eyonespace.ey.com/Sites/5fe586d9bd054e8998fc13103b9a3191,https://eytaxca.sharepoint.com/Sites/34b688a6878a4880984fb7caf0571fb1
https://eyonespace.ey.com/Sites/4d829c1ddf98418098c1470a39c0be05,https://eytaxca.sharepoint.com/Sites/7bafdad502b741f2a6a0842ae3dc8e29
https://eyonespace.ey.com/Sites/65732b949bda4f198b6b95817601b40a,https://eytaxca.sharepoint.com/Sites/55a7b3aa8c364384890a2a05afe988d1
https://eyonespace.ey.com/Sites/7990a97e11a04f05beb905b106aaae83,https://eytaxca.sharepoint.com/Sites/85ea0b4e34144424aed4b28f7fbc19eb
https://eyonespace.ey.com/Sites/678ffb0a23974ef1b6f67b99bb984dfe,https://eytaxca.sharepoint.com/Sites/f0f641e4c4ad421d950c0db1c60f30a0
https://eyonespace.ey.com/Sites/5d250be10afc4c78ba69f214fed56a19,https://eytaxca.sharepoint.com/Sites/6573d782d5004ae6b6f6651dcd6144a1
https://eyonespace.ey.com/Sites/4bf1ca49a4944da6b5148a72feec90a2,https://eytaxca.sharepoint.com/Sites/e420623f7af14ff7923e3112da1d501b
https://eyonespace.ey.com/Sites/6c70609b69ec43bbb2dfb0785f518730,https://eytaxca.sharepoint.com/Sites/6c05d9698f9748fa8c8c82bea6df0156
https://eyonespace.ey.com/Sites/53462066c4e94664ab2f50af2f6b973e,https://eytaxca.sharepoint.com/Sites/dcc8e83cd65d4e538e15e9a4a009c769
https://eyonespace.ey.com/Sites/41bafee39da748bea49dd5d1e30df712,https://eytaxca.sharepoint.com/Sites/890d9330bd464fadbba5487f89ff6d8c
https://eyonespace.ey.com/Sites/4e998ebf5e1c403db5f592712069bcfb,https://eytaxca.sharepoint.com/Sites/f195358feda4422d97063a293046b1f9
https://eyonespace.ey.com/Sites/5e376c7bf30f4ff2a6611b560368cec7,https://eytaxca.sharepoint.com/Sites/b576752876bd44d7be7bec1bd8c918aa
https://eyonespace.ey.com/Sites/5edf3ced6d0a4c1da8e47bcb50f5e5a6,https://eytaxca.sharepoint.com/Sites/6ccdf4e9e3cf401abb5a4d0e1f7e97e8
https://eyonespace.ey.com/Sites/4e27a92ac166457d9e1256a000f98787,https://eytaxca.sharepoint.com/Sites/ab822eb4cb20498f8165405c435f6d1f
https://eyonespace.ey.com/Sites/7a893ec8a5bc466ab30aa81e62138b2b,https://eytaxca.sharepoint.com/Sites/644102fe5db244e7bff4b8e07ad1a2ad
https://eyonespace.ey.com/Sites/7a142ad74db643198a783855b7e23065,https://eytaxca.sharepoint.com/Sites/3793a104a83c42efabac3b4e5cbc5063
https://eyonespace.ey.com/Sites/6e830a5c56fb41c7b346f8bc3fb714ba,https://eytaxca.sharepoint.com/Sites/f079ae77867d4f8b88530682f7ce4b39
https://eyonespace.ey.com/Sites/53facb058ad344c78a79debcc60fe9f0,https://eytaxca.sharepoint.com/Sites/83242829466f4b088314b33915656309
https://eyonespace.ey.com/Sites/57a709401387473f950002080311d494,https://eytaxca.sharepoint.com/Sites/c443b888808044a482a8dfeca680ea5f
https://eyonespace.ey.com/Sites/71ad1aefbade43bcacbc9a1d5037d666,https://eytaxca.sharepoint.com/Sites/830a099a934e4cd7820360524e0df95a
https://eyonespace.ey.com/Sites/657009d87ae54c3cb12db635ca85baa3,https://eytaxca.sharepoint.com/Sites/5d60bd979c9e462db50480484b050a07
https://eyonespace.ey.com/Sites/79f9d2f76c9a4d50821b662dc3b1457f,https://eytaxca.sharepoint.com/Sites/8ee730f235fc4e0c830aacc89b7ba4be
https://eyonespace.ey.com/Sites/4ce0086815cd42158c7f3c0484c0b962,https://eytaxca.sharepoint.com/Sites/dd9360f2e56d4ea5bb4e3cd041bb8bf0
https://eyonespace.ey.com/Sites/41541052f71d4bb8b4802c47383fca4d,https://eytaxca.sharepoint.com/Sites/ee46946a0247426fa3927586bd1fca64
https://eyonespace.ey.com/Sites/4fa5903d25454f97bc85ec993f663148,https://eytaxca.sharepoint.com/Sites/6f1d962129fd4b68b137745dcaa21604
https://eyonespace.ey.com/Sites/5bd178ba7ebf4dca8ae7df5ab1ca0274,https://eytaxca.sharepoint.com/Sites/cb40ecfada6f4f82b38a10104fc0459b
https://eyonespace.ey.com/Sites/5489b89915e94ff481818798391a47a6,https://eytaxca.sharepoint.com/Sites/21968e2a7d7e4b4985423ab42e103496
https://eyonespace.ey.com/Sites/61e6d769060c42aa9fbe52cb01fc5179,https://eytaxca.sharepoint.com/Sites/abf7deae4a2b412da7f57dd9ac715bb5
https://eyonespace.ey.com/Sites/6f0e2ac044c24a7cb328434a7c78c892,https://eytaxca.sharepoint.com/Sites/1184f2f1060f4261b96d6fecfb64b848
https://eyonespace.ey.com/Sites/538936654a544dd087e89dd708c254a2,https://eytaxca.sharepoint.com/Sites/a1414b80ffa84800b95f242f657655f9
https://eyonespace.ey.com/Sites/73dae35102a3408a84c79beeaac91d1f,https://eytaxca.sharepoint.com/Sites/05d2470e825341e7a1fd646115a4ecfd
https://eyonespace.ey.com/Sites/688c413a27b542e2b0c009fe63b50925,https://eytaxca.sharepoint.com/Sites/1d19207a2cdf41c49ae2899204603305
https://eyonespace.ey.com/Sites/69cddd2efbb747c4bee4c9d42862243c,https://eytaxca.sharepoint.com/Sites/39b3a6c7e4374c7f84abcdb6f1ddf19b
https://eyonespace.ey.com/Sites/6adaff1b097840c9b575a99d53592503,https://eytaxca.sharepoint.com/Sites/c91cb161df094cfb9d915104bd976cc9
https://eyonespace.ey.com/Sites/5c3b4c27397b460e8eaf713b4c74934e,https://eytaxca.sharepoint.com/Sites/ad4f77bd3a724538966f608363006ef8
https://eyonespace.ey.com/Sites/43bd1cbf6b194fb3a0f811a664334ef4,https://eytaxca.sharepoint.com/Sites/843980f138bc4fe9a15c401fd92c29ac
https://eyonespace.ey.com/Sites/4c17a2a3ab1245f2960c87d2f74a2ef6,https://eytaxca.sharepoint.com/Sites/eed00f4be5db42898a1d9962239d61e9
https://eyonespace.ey.com/Sites/62f4dc660ee34da4b46446587c56a6e8,https://eytaxca.sharepoint.com/Sites/9ec8beb84c4347bdbb90d2a23dc5ef49
https://eyonespace.ey.com/Sites/6cbaa4de8382420ab653a321d901d71b,https://eytaxca.sharepoint.com/Sites/2a078fe558e144249d92cb894d37a8ed
https://eyonespace.ey.com/Sites/778940aafa74466a83e36c9d0a94f188,https://eytaxca.sharepoint.com/Sites/1e1963ddd308436ebf5e0970689a0bb6
https://eyonespace.ey.com/Sites/4477b1234ed7423dbbe5e2eeeddb0e81,https://eytaxca.sharepoint.com/Sites/0c53f8c6e0a14aeb94cc3bfca2114219
https://eyonespace.ey.com/Sites/42dc096910724c969246b543aca7bac0,https://eytaxca.sharepoint.com/Sites/65a8237cba30484c9f667702814b6070
https://eyonespace.ey.com/Sites/5f3b41e710944e5ebde56f4d02ac2766,https://eytaxca.sharepoint.com/Sites/6c534729816b4eb9b5cbe1e03d38dbfe
https://eyonespace.ey.com/Sites/4cdba19779924a0c9eb6b6c63af4f0e7,https://eytaxca.sharepoint.com/Sites/2626eaac016a4200bc98528100e106ee
https://eyonespace.ey.com/Sites/5ea232aee913416881bbeb2bfd1d3ff6,https://eytaxca.sharepoint.com/Sites/be4a560e94a74ecdb2d3ce09560a793f
https://eyonespace.ey.com/Sites/6bc810b730ca478daadfd2e70b93a2a5,https://eytaxca.sharepoint.com/Sites/c141b6194ef44162b38600b12ad0d683
https://eyonespace.ey.com/Sites/6341cd35b3b24d75be212da085fa5b54,https://eytaxca.sharepoint.com/Sites/a834310fc99f4da587b953b915ee6dbc
https://eyonespace.ey.com/Sites/404fedd42d9648cab96671e36a89f74d,https://eytaxca.sharepoint.com/Sites/68c712277d164384951b6399c4486456
https://eyonespace.ey.com/Sites/4abe417d6e44431a8c639e0aa534d03e,https://eytaxca.sharepoint.com/Sites/b1aeec1e6e544ba5a730ddbd2b5e7939
https://eyonespace.ey.com/Sites/5e1dd9781b5546e4ba61d9c35b351137,https://eytaxca.sharepoint.com/Sites/42a6a7ddaf744c2b87ddfc2b65f6e9ad
https://eyonespace.ey.com/Sites/5711442c50154d489528f5859f644c70,https://eytaxca.sharepoint.com/Sites/20f9052174db4acebfeb2b1456873724
https://eyonespace.ey.com/Sites/797faae31b214ff2a2ff18ebaa5f3e9b,https://eytaxca.sharepoint.com/Sites/fd639f2a61194d218f9662af99f34547
https://eyonespace.ey.com/Sites/723705335f6145a18f4c8e10a0748617,https://eytaxca.sharepoint.com/Sites/c66c4fc4dfca4e8a870fa4c5dc20a541
https://eyonespace.ey.com/Sites/7776b9d8a517473ba8c432f7d867cc7b,https://eytaxca.sharepoint.com/Sites/91f046248d6349f383f871bf12eea68e
https://eyonespace.ey.com/Sites/4860250b582442b08b6989d1471d1220,https://eytaxca.sharepoint.com/Sites/2a6f943ff6c34d20bedb4df54a506696
https://eyonespace.ey.com/Sites/5f919c81fb354e589aac54c3d2c5423e,https://eytaxca.sharepoint.com/Sites/2647450118734288afd893df065d5f54
https://eyonespace.ey.com/Sites/59a54b14c1044760b0f05680eff01fbd,https://eytaxca.sharepoint.com/Sites/45920fb92c504d33aca13cc736946f3f
https://eyonespace.ey.com/Sites/6b0aea67d894418a99cf82b6f89aeeb5,https://eytaxca.sharepoint.com/Sites/543735e9b0aa4e79ae4dbee03e03268e
https://eyonespace.ey.com/Sites/75fd90103bcc47369e15ad17993fb5e7,https://eytaxca.sharepoint.com/Sites/f143844015814267a73f54e9e4f34102
https://eyonespace.ey.com/Sites/7424a2ec2bbc4156b3d9b9f02062b76e,https://eytaxca.sharepoint.com/Sites/0cadada3fc3b4133a061928c554325d7
https://eyonespace.ey.com/Sites/5011c5836d55444b993b6d77277ef856,https://eytaxca.sharepoint.com/Sites/b6dccce0edcd419cbdabcfaf98022838
https://eyonespace.ey.com/Sites/4803f39462f4433292f82a9e505bb5dc,https://eytaxca.sharepoint.com/Sites/bf29d97d81124cd3a3af4f8df13b8776
https://eyonespace.ey.com/Sites/6693e540e2a64735be26998e62ab41a7,https://eytaxca.sharepoint.com/Sites/885acaff263b49ee83fa73af4b9c738e
https://eyonespace.ey.com/Sites/5e9e10a23bb44acabdc1da02fd86de7f,https://eytaxca.sharepoint.com/Sites/ccbac3f1dd9b431da22b754d84d532fa
https://eyonespace.ey.com/Sites/5586318c9d414c72a1832020cf415648,https://eytaxca.sharepoint.com/Sites/77fb6cd4ddbc48199c904291f42062de
https://eyonespace.ey.com/Sites/4443c9bf697c444c8b8e00b60aeea567,https://eytaxca.sharepoint.com/Sites/c21f15f4443749dab7d2d1d85c54de5a
https://eyonespace.ey.com/Sites/6965312d8ae74324b7dc2823da95b9bb,https://eytaxca.sharepoint.com/Sites/cea11801289145539e2cfbe5b44cf985
https://eyonespace.ey.com/Sites/6c4aa5310cdc4c039cdd611d90278939,https://eytaxca.sharepoint.com/Sites/7272f8e461c945cca2e71f24c00af826
https://eyonespace.ey.com/Sites/6f8f3e8ee18c4ebdb581d00968b3f8d9,https://eytaxca.sharepoint.com/Sites/7f553cf349654447aa945fc4f465be42
https://eyonespace.ey.com/Sites/5b9f8b6ee756461faec6568ccc803546,https://eytaxca.sharepoint.com/Sites/1cad8628239d46f78cc350671fcb0d37
https://eyonespace.ey.com/Sites/7102cd8a23ad4914bcd7fc08736c2be5,https://eytaxca.sharepoint.com/Sites/e25df4b872be42d2826621154b44e8e3
https://eyonespace.ey.com/Sites/650febcd2b5b4032949c45f310e3d671,https://eytaxca.sharepoint.com/Sites/ef408595660a4fce81b23879f8dd0404
https://eyonespace.ey.com/Sites/4d7ce3df4e5243d09d8afb58c90d07c4,https://eytaxca.sharepoint.com/Sites/9dd40e499d7c434787c2bb81e80f2d5d
https://eyonespace.ey.com/Sites/60348d4f47844aaeb5777a2230d68052,https://eytaxca.sharepoint.com/Sites/9bb2ae704dd54bc8bafeae24f38bb129
https://eyonespace.ey.com/Sites/45a8238fff8347d2b53389a14c3b84a7,https://eytaxca.sharepoint.com/Sites/38a4ac88b538484f82383f982f339a31
https://eyonespace.ey.com/Sites/767b5476e59b4413923068138322e576,https://eytaxca.sharepoint.com/Sites/ee7b3617b6eb4864a8a85ec01b3ff41a
https://eyonespace.ey.com/Sites/42d11b7ddc2d451a9d0d674c45b1e2f4,https://eytaxca.sharepoint.com/Sites/1c916e7b03c241ef8e1cac0b6e84e9ff
https://eyonespace.ey.com/Sites/6aae8b12638a4d4eb68ae3927844608d,https://eytaxca.sharepoint.com/Sites/fec4b47e932d4e37831d6c2ac3cec0cd
https://eyonespace.ey.com/Sites/64f12de27f9b475aaa7233b946d1c866,https://eytaxca.sharepoint.com/Sites/408d7cf399b2470c8a5bcb056777a036
https://eyonespace.ey.com/Sites/56bf34ce3a72403299c6fbc0c6019ddd,https://eytaxca.sharepoint.com/Sites/9f104067925f46d1b0dd1c4d686f618c
https://eyonespace.ey.com/Sites/79859fc490744f2f9cdf75f1130abfba,https://eytaxca.sharepoint.com/Sites/afb2c5750cf54f3d8bae5bf401477ed3
https://eyonespace.ey.com/Sites/7152728e10de45a1998bc565e81bfdf6,https://eytaxca.sharepoint.com/Sites/9b6fc0c53064461d8e5426c4e5755810
https://eyonespace.ey.com/Sites/7b16925b160345588506e64bc83c210c,https://eytaxca.sharepoint.com/Sites/671a1aa3d90a445ca37a64aeeec53241
https://eyonespace.ey.com/Sites/7300023694754182a73e100d57212787,https://eytaxca.sharepoint.com/Sites/0d13c36e8dc8450398e9252739bfd572
https://eyonespace.ey.com/Sites/43760050b5d64ea9a5168c220bf1aa39,https://eytaxca.sharepoint.com/Sites/121618948b8e431a8ceb3efc3b3ffcda
https://eyonespace.ey.com/Sites/7b3ec5c3004140aebcd5775d66c8a3f4,https://eytaxca.sharepoint.com/Sites/37f77028451c42bf89e6041fa45b9cb8
https://eyonespace.ey.com/Sites/4b8f83d354d44975b7e74fa6037ebe40,https://eytaxca.sharepoint.com/Sites/428389ea46334dd6b687cca9b7fb5821
https://eyonespace.ey.com/Sites/6a55b01cdf0b40f69722d243169b0318,https://eytaxca.sharepoint.com/Sites/337281b7f07942038bc948001f8fecfb
https://eyonespace.ey.com/Sites/5a08d5fe69c8497ebe8298b4cd4b06bb,https://eytaxca.sharepoint.com/Sites/7ed2177d1cbe4b13873bfddee7511560
https://eyonespace.ey.com/Sites/502f437aa3fe4969b1ed6e4e6523beed,https://eytaxca.sharepoint.com/Sites/04d8066a20d34fb8b886d3a75745d1f1
https://eyonespace.ey.com/Sites/60c044f37f754b529c4ccd9677f18f63,https://eytaxca.sharepoint.com/Sites/eea1f8a7dd9b4994be29d159f178e98c
https://eyonespace.ey.com/Sites/4e5fff831849441ab40a1d8d2d81d251,https://eytaxca.sharepoint.com/Sites/0a914ceb4af74c6fb027263a2d8edee8
https://eyonespace.ey.com/Sites/55687cc191af4af8afa1ccee653e886e,https://eytaxca.sharepoint.com/Sites/8f29fd21847242169d06049f88d0a3d5
https://eyonespace.ey.com/Sites/725ae740ca5b4a61a51d1c562fa7064a,https://eytaxca.sharepoint.com/Sites/9ec748ddff4941b4980ce3f4bc31dd18
https://eyonespace.ey.com/Sites/65c53b254f57421883718d33284a622e,https://eytaxca.sharepoint.com/Sites/cdb92e65020749608d32ecdfaf8db133
https://eyonespace.ey.com/Sites/a2751033aabf49cc9cc1154b852b4262,https://eytaxca.sharepoint.com/Sites/ee355a2d5a104ce99dcc4f1edf5a75d8
https://eyonespace.ey.com/Sites/81de20b7d19a4d2d8ea4412a8022bf3a,https://eytaxca.sharepoint.com/Sites/672ca3c8222d427c9439963acf4f99bd
https://eyonespace.ey.com/Sites/98f44b75edae4fbe9eae93b9468601f8,https://eytaxca.sharepoint.com/Sites/83f08211ba0945f4ab7519ec61b6a401
https://eyonespace.ey.com/Sites/b367d0acd9a54d439a5f08d3e87f56c1,https://eytaxca.sharepoint.com/Sites/169ba5fd93fd4b3bbb0c68133c039710
https://eyonespace.ey.com/Sites/7ea20c224672406a974cc98928391d1f,https://eytaxca.sharepoint.com/Sites/f0e3227a09b645ea9126859500115d43
https://eyonespace.ey.com/Sites/9e041f48c525404da723e4e900f15773,https://eytaxca.sharepoint.com/Sites/895914a0f8824fc48ea174eb9ede96f0
https://eyonespace.ey.com/Sites/af5509f8b9b5460fad047989ca056702,https://eytaxca.sharepoint.com/Sites/b2c84702d7df43458549aefd9b89a807
https://eyonespace.ey.com/Sites/a3a2b33fa9874a93ae3dd1b52056d190,https://eytaxca.sharepoint.com/Sites/8237b87787654bad943f13bf5cfcba25
https://eyonespace.ey.com/Sites/7b5374b2212e418990d2b5e8caa145c6,https://eytaxca.sharepoint.com/Sites/28e40c159df740e3b2d81fad64b6988e
https://eyonespace.ey.com/Sites/b07f8f15cb954fad94e63749c5483668,https://eytaxca.sharepoint.com/Sites/386aa60ff891433aa5b0c9bc35df1c19
https://eyonespace.ey.com/Sites/ab209c440262464d9ea7c72492c6ee75,https://eytaxca.sharepoint.com/Sites/ab24c9027ce04cb8acfc4fb0e1e192f9
https://eyonespace.ey.com/Sites/ab28c2c73ebb42bab24c1c01b83ad10f,https://eytaxca.sharepoint.com/Sites/7d569dfa41744410ad3d2f06c434dcb1
https://eyonespace.ey.com/Sites/8f084a7d732a49c6887206618c38f608,https://eytaxca.sharepoint.com/Sites/8970379ffda944c791f26b5cddf903d3
https://eyonespace.ey.com/Sites/8d76dc0047444d90952443795243ca6a,https://eytaxca.sharepoint.com/Sites/e126268aa31f4987b248428195222f51
https://eyonespace.ey.com/Sites/9250cd2d10cd4ff29a2befd4c4231e6b,https://eytaxca.sharepoint.com/Sites/7f6f1d2063184561b4cb9a0745f5a535
https://eyonespace.ey.com/Sites/9abd964d9c2b47a78bb1816793e67640,https://eytaxca.sharepoint.com/Sites/23b5362bd1194c9faad943d98afd5044
https://eyonespace.ey.com/Sites/8a2642b183504dc0b7d1b48296317b9f,https://eytaxca.sharepoint.com/Sites/6d189c1a9a154ed2a88f85c615c56421
https://eyonespace.ey.com/Sites/ae476490d8554afb853218551c5eb33d,https://eytaxca.sharepoint.com/Sites/3ee0fab224c14af9afd83cc4eeddc8f8
https://eyonespace.ey.com/Sites/9d5d9def64b54cf98f095a3d5be54fbc,https://eytaxca.sharepoint.com/Sites/3aade3b447b241118144ba3a9c289202
https://eyonespace.ey.com/Sites/89362d6fe91b4d9ca2a79612b8ccfb5c,https://eytaxca.sharepoint.com/Sites/9a9aa2fbf6924fda8c821aa397ba6091
https://eyonespace.ey.com/Sites/87f08065fe1344dd8ad9580b9416936c,https://eytaxca.sharepoint.com/Sites/3abf5de6c0314e61b9824434f1e27964
https://eyonespace.ey.com/Sites/b181341c06c24ff0bf967184ba7d80fd,https://eytaxca.sharepoint.com/Sites/d767367c434c436d8831fd971ba71969
https://eyonespace.ey.com/Sites/b26b3906690345ce8098c04ba4732b8b,https://eytaxca.sharepoint.com/Sites/260fecdfc96f474abfa32ff42eb1a9b9
https://eyonespace.ey.com/Sites/8075927d7b1f46f7b7e533fce71aea80,https://eytaxca.sharepoint.com/Sites/2ff0dc42562248e4aa4955eee8aa8f57
https://eyonespace.ey.com/Sites/ab410fdcd2af487191f4bae7f65b4091,https://eytaxca.sharepoint.com/Sites/487c86c7e2ac4ce9b2fc2afaac02a86c
https://eyonespace.ey.com/Sites/91fddb20ff594881836eb251d15e9bd8,https://eytaxca.sharepoint.com/Sites/f136e5abc26e4194a5d0acf3aa00750e
https://eyonespace.ey.com/Sites/893f7dfd17b443428b1946389f2bfe65,https://eytaxca.sharepoint.com/Sites/697558e24ed24543a2b1a76ef8b4bd06
https://eyonespace.ey.com/Sites/9bf0810c43f345c3923250a5bf7ef35c,https://eytaxca.sharepoint.com/Sites/555e06bea84742e9b0f8e2104691fddd
https://eyonespace.ey.com/Sites/8baf7da7c7e84c83bc8399e2b7fb99bc,https://eytaxca.sharepoint.com/Sites/8a3794b44f3a4ad38e31ccc5c11ef84e
https://eyonespace.ey.com/Sites/857a3493d19c48dd95441461ff943d1f,https://eytaxca.sharepoint.com/Sites/9023d674e6aa49fea6478d51b715c80b
https://eyonespace.ey.com/Sites/8264d622bd27418e8f64c9fb3ed595a5,https://eytaxca.sharepoint.com/Sites/9e16459212c64126a58e9b6c4f41f373
https://eyonespace.ey.com/Sites/a39cf2d298994cbab4b875560d9ccea6,https://eytaxca.sharepoint.com/Sites/fe897f763c7e4a6689753391a8f31ee1
https://eyonespace.ey.com/Sites/8c38cb2accfd400aa024a2f2d0765915,https://eytaxca.sharepoint.com/Sites/a1f1c5f1f21f49949561867bf75aeca2
https://eyonespace.ey.com/Sites/90faad42359048dabe32684f1bee5b4d,https://eytaxca.sharepoint.com/Sites/90f4b3acac644dfd87eaf093a2f6966a
https://eyonespace.ey.com/Sites/889750e4f5704552a535db8d67efc5e9,https://eytaxca.sharepoint.com/Sites/2dcc5468c22d425bae9ceef7b2f136ce
https://eyonespace.ey.com/Sites/a06f28d11df84a09b57dcb300cffbcec,https://eytaxca.sharepoint.com/Sites/21c471de34ca4bac9fb6c5b02880ca9b
https://eyonespace.ey.com/Sites/93030418584d46e2bd5bc5eb87525486,https://eytaxca.sharepoint.com/Sites/f0ab38d12ed843469e8032f88cafac25
https://eyonespace.ey.com/Sites/af0b4bf4a5a3434dbe029ea0cdd831b4,https://eytaxca.sharepoint.com/Sites/568678c4b7d44f0fbd1cafd8e9e538d6
https://eyonespace.ey.com/Sites/82f9b7798cbc4a01b735b4429d1dcb07,https://eytaxca.sharepoint.com/Sites/912daeb6bed64f979b23b3893b427d87
https://eyonespace.ey.com/Sites/84d07e18132946fca0c20cc9e415b50b,https://eytaxca.sharepoint.com/Sites/2ee06b046751463090d0810d725765d7
https://eyonespace.ey.com/Sites/807a0beb802e412291f3a73c0367b187,https://eytaxca.sharepoint.com/Sites/f3d92801c8c44caaa1253f81abd687cb
https://eyonespace.ey.com/Sites/87da608c6fcc42faa36de6e7fbf34257,https://eytaxca.sharepoint.com/Sites/b90f96f45c3642d0a572d6145ab594eb
https://eyonespace.ey.com/Sites/ad840148835d4ce0a3f7e80cb43d76af,https://eytaxca.sharepoint.com/Sites/9d8eac5a199b4bd382467619426c32f9
https://eyonespace.ey.com/Sites/8bb4377ed7df43c39fd3a8462735c778,https://eytaxca.sharepoint.com/Sites/ecb65d8d1c324e4e8a3585037fde3a75
https://eyonespace.ey.com/Sites/aa34642252004229bc60642c8d5b9c15,https://eytaxca.sharepoint.com/Sites/52b3cce539164e3fab410da5bbbbc265
https://eyonespace.ey.com/Sites/a46d894190be42848aba0cf4467b34a7,https://eytaxca.sharepoint.com/Sites/9ebc7e5a0d264b2b85ca1ea2989aa579
https://eyonespace.ey.com/Sites/a8ddf1dbfab441caa6bad2690bc70a2e,https://eytaxca.sharepoint.com/Sites/29435fb9b85e41a384d8dbc3a525f104
https://eyonespace.ey.com/Sites/a55ab9603d5c45c4bc9155c6e94a6b7b,https://eytaxca.sharepoint.com/Sites/ff69e152d0df4eacad2ac0d82409ac61
https://eyonespace.ey.com/Sites/a21de05dac264a99ad40730581417f1d,https://eytaxca.sharepoint.com/Sites/56a29631b31a45f28e930f036b08d142
https://eyonespace.ey.com/Sites/aa2d3f56fa1c4de5bd20874a1718d9ec,https://eytaxca.sharepoint.com/Sites/148a3f4feddb4a5d84a1d53a9595a472
https://eyonespace.ey.com/Sites/9cf76c4834004074b7cc3baf541ce21c,https://eytaxca.sharepoint.com/Sites/0831676cb25947e4b398f194de02c3a9
https://eyonespace.ey.com/Sites/b33e052c3e734f398ba4548e60c84e35,https://eytaxca.sharepoint.com/Sites/b8efc062236b46f7a681484ed292ebe7
https://eyonespace.ey.com/Sites/99995794480042dfb72674528f8fe424,https://eytaxca.sharepoint.com/Sites/f79e2e25b4e049babeb22c756f977084
https://eyonespace.ey.com/Sites/ac91d4d71b05472faa581355570d2b3b,https://eytaxca.sharepoint.com/Sites/2b4e739226dc4908950fea364dbd45cc
https://eyonespace.ey.com/Sites/9a47f60a989a4ef69bfd06ddce0373a3,https://eytaxca.sharepoint.com/Sites/b7d26b20bd164d91b8803bff4cd846da
https://eyonespace.ey.com/Sites/b1270fa0ba3440a5ad56337d273775d0,https://eytaxca.sharepoint.com/Sites/d548d6c865fd4f9488396f483ba57695
https://eyonespace.ey.com/Sites/89f7747535d84118a1efd2df396971a7,https://eytaxca.sharepoint.com/Sites/ae40e701e65e4e68a60d584ce59f1819
https://eyonespace.ey.com/Sites/ae761b77f20f4dc086474ff6d4360b7b,https://eytaxca.sharepoint.com/Sites/71d55efd2aa24cf6b7c4d5480f7fac74
https://eyonespace.ey.com/Sites/8a6089a9d32c4944880ca30fb26d4046,https://eytaxca.sharepoint.com/Sites/3665245c7a0949faa18b9b8a770c6689
https://eyonespace.ey.com/Sites/b46c655f0e0f4813b60e7465f3aaec9d,https://eytaxca.sharepoint.com/Sites/6194da79aeb7410f826d0cb8d98081ef
https://eyonespace.ey.com/Sites/b439e0e134cf43db8c28df77f731b840,https://eytaxca.sharepoint.com/Sites/d5eb658878444bb8904a73b3e91b4fe7
https://eyonespace.ey.com/Sites/9ebe04e982ba467aa4ae8e49d3b91ebb,https://eytaxca.sharepoint.com/Sites/658196c70abc4691967c499742c8f11b
https://eyonespace.ey.com/Sites/7b9a367b8b2744719ff598238b21cc16,https://eytaxca.sharepoint.com/Sites/1b5febe5636f40828785771d8811ba6e
https://eyonespace.ey.com/Sites/9a70ec9d40484f2c9bf7f6715677f520,https://eytaxca.sharepoint.com/Sites/2dae825a918745969684d3067c9f0e66
https://eyonespace.ey.com/Sites/937d080cc2c04c23ac85591a33753af7,https://eytaxca.sharepoint.com/Sites/8a1329cb14744aef9dbd17236319be9e
https://eyonespace.ey.com/Sites/ad9ff6b8e72b41ef87ccaafc17483adc,https://eytaxca.sharepoint.com/Sites/1d651890d0134684b0da6a7035f30c66
https://eyonespace.ey.com/Sites/7e35ed874c404c3fb7c70882a452dbec,https://eytaxca.sharepoint.com/Sites/c27a587af67e44178569b09241728d63
https://eyonespace.ey.com/Sites/981231eb47fc4372ac2271851944b09a,https://eytaxca.sharepoint.com/Sites/d364e7efdd1446b2a9f602ed66e4ea27
https://eyonespace.ey.com/Sites/a1aa5c2c203a4545b7a82d9052cf44dd,https://eytaxca.sharepoint.com/Sites/9cd63c830f4447b5ba36c4a19109e117
https://eyonespace.ey.com/Sites/b487b5437bd14e24b85cda266a8c108e,https://eytaxca.sharepoint.com/Sites/1516e00334c641e8b9e6e569d0a171e9
https://eyonespace.ey.com/Sites/9709fe9e21904364bac59c15d3c351dd,https://eytaxca.sharepoint.com/Sites/98aca7768ac048f5951e1c305b529c33
https://eyonespace.ey.com/Sites/ac50ce5ef20441adaa32184b8b6be887,https://eytaxca.sharepoint.com/Sites/4985ffad018c4e2cb1a3796155321442
https://eyonespace.ey.com/Sites/a0fdcf7ce3e84a11acd6d9bdf1cdf436,https://eytaxca.sharepoint.com/Sites/0ac10a56cb974549a3277a02b1f92414
https://eyonespace.ey.com/Sites/b1b6f3d0193d4fe089df7433260c7ddf,https://eytaxca.sharepoint.com/Sites/df112b74f8094f809fb32bc285082059
https://eyonespace.ey.com/Sites/9d48f5cc69434da5a13b33b766999472,https://eytaxca.sharepoint.com/Sites/6fa863e1fbeb40818a362db4cb867e16
https://eyonespace.ey.com/Sites/b1c2b22da49c4b89b35b0c50a5b1b24d,https://eytaxca.sharepoint.com/Sites/36975558109e491388b8da637124554c
https://eyonespace.ey.com/Sites/b14ad47bf08a4c9e942bac8765258ed0,https://eytaxca.sharepoint.com/Sites/417f320c2ae14cb79d39dca29c64335c
https://eyonespace.ey.com/Sites/9bea975dc86c4408a9c622bd79eaad52,https://eytaxca.sharepoint.com/Sites/12c4119093644663a1e7a0310cad0bfc
https://eyonespace.ey.com/Sites/94eaca913bce419f93ec4ac27301757e,https://eytaxca.sharepoint.com/Sites/5eca70860c044df2b9d30ebf395ac983
https://eyonespace.ey.com/Sites/ad93b5a979784d63aae854ff07fe19af,https://eytaxca.sharepoint.com/Sites/1197ac43f2b84fe88f9389b57a8c43c6
https://eyonespace.ey.com/Sites/a8952145db2b4861b4bab4efc80d5ed6,https://eytaxca.sharepoint.com/Sites/060d37bef4aa457eb514fb6f02d0d264
https://eyonespace.ey.com/Sites/8f5fb1f575dd4c97beae543b9a63190f,https://eytaxca.sharepoint.com/Sites/f0a859b3534741b29b991ebc2b285c33
https://eyonespace.ey.com/Sites/b1368d1ee76a48dc8bd311821ea580a9,https://eytaxca.sharepoint.com/Sites/c99b8c13eada4c54a82e1869f7144317
https://eyonespace.ey.com/Sites/83d521f6f63c4f0a9489c11f8e0045cd,https://eytaxca.sharepoint.com/Sites/2e6f86d8b73f4206b833315dafb64395
https://eyonespace.ey.com/Sites/afbbb5c2c0d847eb9b1c037167ed2cbc,https://eytaxca.sharepoint.com/Sites/f83e27f5ea6d46f1858324a083ab2be5
https://eyonespace.ey.com/Sites/b409c25720c24887b161ee33a9821a5b,https://eytaxca.sharepoint.com/Sites/37db41663855401aa6ebcadefa896b32
https://eyonespace.ey.com/Sites/a881ff6be12447b5a986bbee83f4a739,https://eytaxca.sharepoint.com/Sites/409019e04f68465cac890cadc948f188
https://eyonespace.ey.com/Sites/834b01a44dfc418bbb9382fd383d5a08,https://eytaxca.sharepoint.com/Sites/16c7d0f5c1424e349e1347cd0bf35982
https://eyonespace.ey.com/Sites/9fdb1507095941dfac8e7c3058f72b0e,https://eytaxca.sharepoint.com/Sites/06de792d9f7740f3b3b1303ee6656e67
https://eyonespace.ey.com/Sites/af432f57a8c948e69f9637488bb2df6f,https://eytaxca.sharepoint.com/Sites/bd8c8856104f4017a9806e16c76821d9
https://eyonespace.ey.com/Sites/9ebaf5bbbc2540959f25cd095c5ec042,https://eytaxca.sharepoint.com/Sites/2721b7d620a7468ea2d87303d56836be
https://eyonespace.ey.com/Sites/aa8e408885974cf4bdd031205a25656c,https://eytaxca.sharepoint.com/Sites/a7e44506287746c18caf241668709185
https://eyonespace.ey.com/Sites/8d2b686ea1014f3eaea6c4afa8a05acb,https://eytaxca.sharepoint.com/Sites/129fc705c71a4fd9a9ad4211b35f81c7
https://eyonespace.ey.com/Sites/931343d1f2bc4e8a8dffc63c793ab8bb,https://eytaxca.sharepoint.com/Sites/5e85632fe2de4418a056be000a881b02
https://eyonespace.ey.com/Sites/999bc6170aab440a8727bff8a961f4f8,https://eytaxca.sharepoint.com/Sites/d102e20d8f0240b6877f2fa003143187
https://eyonespace.ey.com/Sites/ab4c9fedec0d4c41a49b632ac2f3fc16,https://eytaxca.sharepoint.com/Sites/35bddf5c2e9f4a8fba53ea28f789eab9
https://eyonespace.ey.com/Sites/8561b60eeb1c4c2a8f4a188383063904,https://eytaxca.sharepoint.com/Sites/c8ac7862eb184c918c3e726d75f719dc
https://eyonespace.ey.com/Sites/abedf3c4f53049bf957fabefac883365,https://eytaxca.sharepoint.com/Sites/fbbcf4569c3e4ca7a543adf1165485e5
https://eyonespace.ey.com/Sites/9859c0c15143444a9da13ca91815625d,https://eytaxca.sharepoint.com/Sites/69113995639042e8b6aecc03c6554b68
https://eyonespace.ey.com/Sites/d629725ab3ff469fbc520c3d3c20b68d,https://eytaxca.sharepoint.com/Sites/524b5c2e94d543b0a92da526fcd686d5
https://eyonespace.ey.com/Sites/c38258ff0440416db3d49ee03020ce39,https://eytaxca.sharepoint.com/Sites/dd5cc73eef2543b89b662900090b109a
https://eyonespace.ey.com/Sites/cd235c6b4c364e0786028579d9ec4d81,https://eytaxca.sharepoint.com/Sites/1583d701e39d4a5889ce10a71bb50632
https://eyonespace.ey.com/Sites/c4989fb1db1d496ba4d0b5a152a51396,https://eytaxca.sharepoint.com/Sites/cb2d36c7b67c492c9b5f1b15857210e2
https://eyonespace.ey.com/Sites/cffa3017614d445d90d12bac8426d6a3,https://eytaxca.sharepoint.com/Sites/a41bdf8e311d4bd8b483ae1ca140d8fe
https://eyonespace.ey.com/Sites/c446953b5b334dbfaf6aaa1d40d88462,https://eytaxca.sharepoint.com/Sites/20f26a3108b1499faf47946e1f2027c4
https://eyonespace.ey.com/Sites/c4d94e7cfb9a460889a69abb12a731c5,https://eytaxca.sharepoint.com/Sites/c3d1126f0af24ce49fb1d1d081dae44e
https://eyonespace.ey.com/Sites/b8b3b7ccee294a12a5f04181604ba16f,https://eytaxca.sharepoint.com/Sites/0a79697955b64bd4996c74614fa193de
https://eyonespace.ey.com/Sites/d6d39b459b824a2698a01f1787506be3,https://eytaxca.sharepoint.com/Sites/6594a043f7904c2d8f2a33f5f78014ee
https://eyonespace.ey.com/Sites/c4e28d2b6b734bd3be99d07933f8ac3e,https://eytaxca.sharepoint.com/Sites/c64e9cddb4cd4dd39045e2e2d63c407c
https://eyonespace.ey.com/Sites/e164212909a349c09ee2ab58a06e06c9,https://eytaxca.sharepoint.com/Sites/8632ac76141046ac94ac15ff5c4288e9
https://eyonespace.ey.com/Sites/db3fd7787bb84da1800cd0c6056746e9,https://eytaxca.sharepoint.com/Sites/07196af9080149eba329150e3b61504d
https://eyonespace.ey.com/Sites/c97ed7efa2074d20955eee0be2ba9ced,https://eytaxca.sharepoint.com/Sites/76f0497137aa439c8303dea735a59b85
https://eyonespace.ey.com/Sites/da089cbd63d2432eab235a129e878319,https://eytaxca.sharepoint.com/Sites/500d7572bd174275a1e7be67c4e13099
https://eyonespace.ey.com/Sites/d73f9b5c818042d09b2f41758ef3e22d,https://eytaxca.sharepoint.com/Sites/2a7f6ac17eb24e30b5ffd37de968e4da
https://eyonespace.ey.com/Sites/d4784537daa243ee9a79e5794cae4f0b,https://eytaxca.sharepoint.com/Sites/729c98f3ae0247169e543cb7d0ccfc57
https://eyonespace.ey.com/Sites/c8245fe7859745efbd4e39ec3d80b39f,https://eytaxca.sharepoint.com/Sites/688cc60f95a64c23bf83406da05f8f47
https://eyonespace.ey.com/Sites/ce92c804478c4a6a8bc8d5b54b4cb9c9,https://eytaxca.sharepoint.com/Sites/c747d9750aa54f22a6852597f434d9a3
https://eyonespace.ey.com/Sites/c7c8bb0eb135439eaa40e118cd489606,https://eytaxca.sharepoint.com/Sites/183a32bcdec44897ad18ec15a3a7dbaa
https://eyonespace.ey.com/Sites/da247d971b3a49e89687f2f05451e119,https://eytaxca.sharepoint.com/Sites/577485980b344b19958c7ed1ca90eaca
https://eyonespace.ey.com/Sites/c0790eae36bb40cf8b32a897e6177a9f,https://eytaxca.sharepoint.com/Sites/ec59f2723a4c4c35aa47bd276a67e8ae
https://eyonespace.ey.com/Sites/c257eb173658408f8ca854d53ef84967,https://eytaxca.sharepoint.com/Sites/762bcb708d914922a2ebebb389655d75
https://eyonespace.ey.com/Sites/b81b14615e8f4a2795c62ff3e8184e8c,https://eytaxca.sharepoint.com/Sites/4da12f1914464c49b33439d72354c2c7
https://eyonespace.ey.com/Sites/ba7cecc0676748f0ad7dc0396fee8283,https://eytaxca.sharepoint.com/Sites/38afe991333841eebfe6e72f26f6ddfa
https://eyonespace.ey.com/Sites/b8b908089401473daff912b184c171a5,https://eytaxca.sharepoint.com/Sites/010d4d4729814e8f81c49e9759788f97
https://eyonespace.ey.com/Sites/e1ef7b2d268d46d8b427f8ce9f680bbf,https://eytaxca.sharepoint.com/Sites/e840bfd003964a1794cd2616054997e3
https://eyonespace.ey.com/Sites/d78e8a84bef94a10ac0f15f3a78c22f8,https://eytaxca.sharepoint.com/Sites/dd5c96d49a1048b1be7bfd0a2a2637bb
https://eyonespace.ey.com/Sites/df56bab551f64bc1b9814b459c52cc87,https://eytaxca.sharepoint.com/Sites/a3e0d0ed79ca42eeb8facb5e60bea4c2
https://eyonespace.ey.com/Sites/c665f1b9220c40b59a7c149be11e8629,https://eytaxca.sharepoint.com/Sites/01c6ffaefa0b4d0a8a7f1bcd78db280b
https://eyonespace.ey.com/Sites/c0591b0f731f421f9d11fb4809d8b882,https://eytaxca.sharepoint.com/Sites/d6e586d3779747f6abe47b7c753ebede
https://eyonespace.ey.com/Sites/e26ba8e0757241b6a6a1de9b9a1e5458,https://eytaxca.sharepoint.com/Sites/79a6df4e98c74197b8ff297b9df647c3
https://eyonespace.ey.com/Sites/b5b09781b8bc40a3a33fd6a45f3ddbc9,https://eytaxca.sharepoint.com/Sites/b96a3a3cba574b7db69cde7dde63c2e1
https://eyonespace.ey.com/Sites/d06dce1d1e34438081aa6f9dc672190f,https://eytaxca.sharepoint.com/Sites/0d62a6b5c4fe4e35a3e1fda350b116d4
https://eyonespace.ey.com/Sites/c9eb44611b934173baa101602c855144,https://eytaxca.sharepoint.com/Sites/bce2cf9d00aa46ecb892f49d9889ebdf
https://eyonespace.ey.com/Sites/c91a7e279408435d96df10041aaaedef,https://eytaxca.sharepoint.com/Sites/49b8c76d25a842cfb7e6109ddb444000
https://eyonespace.ey.com/Sites/d7b92b7d992c4a388869d37eb6274995,https://eytaxca.sharepoint.com/Sites/dc7d4311cd6a44979a81f739dbabf722
https://eyonespace.ey.com/Sites/cea8e388b95e480083f79f15ae88b2b6,https://eytaxca.sharepoint.com/Sites/7d89b5cc857f425490f3e03a418fc2c3
https://eyonespace.ey.com/Sites/b6ca070dac3b4bfda797d637dd0ca3b6,https://eytaxca.sharepoint.com/Sites/277bc65869c54b8398c06c60f6ee937f
https://eyonespace.ey.com/Sites/c068a9154d774c83906aece465a0a3f6,https://eytaxca.sharepoint.com/Sites/f5c16c19f68842148435dd617ffc12f5
https://eyonespace.ey.com/Sites/c82467924fe54777959c9792cf129c3a,https://eytaxca.sharepoint.com/Sites/55b68ce3246148c687be91e1ec34ab56
https://eyonespace.ey.com/Sites/e9059260bea04554b3840310f5f7438e,https://eytaxca.sharepoint.com/Sites/23cfce7b49554fb2ab008cec5d8d2466
https://eyonespace.ey.com/Sites/d8ef38d5d62d45f798ed2854c590c9ff,https://eytaxca.sharepoint.com/Sites/dc201ed0c22c4c848feedd1400ff5c70
https://eyonespace.ey.com/Sites/d18627bbc32d4a0d9535b75760a5c873,https://eytaxca.sharepoint.com/Sites/d5d0c007221347378a6657e07db44ff8
https://eyonespace.ey.com/Sites/e176ad5454f24f93b89d34ad97129b76,https://eytaxca.sharepoint.com/Sites/6b89280ad3ee4a8ea808ccb4b54a3e4a
https://eyonespace.ey.com/Sites/d0022ab4b98c48a996a6d70993bf0c95,https://eytaxca.sharepoint.com/Sites/f667a6dc6c63428db038ecf94e105de6
https://eyonespace.ey.com/Sites/e54aeb8c059d4a1da9c889a0bfe7d189,https://eytaxca.sharepoint.com/Sites/04a229afda5b4c45ac02fb460e104d2c
https://eyonespace.ey.com/Sites/d9314d5da3a145e0a034489ab9ac60f4,https://eytaxca.sharepoint.com/Sites/aac55a4a080e46d38fd5d32870fe7544
https://eyonespace.ey.com/Sites/e0ced4a2cbc241099bd93a23a42f2a4a,https://eytaxca.sharepoint.com/Sites/496b3ae2316f44f8a1fcb15614049de4
https://eyonespace.ey.com/Sites/cd442d194f9a40aba292e980d1f25e2f,https://eytaxca.sharepoint.com/Sites/46bab9a3631143bfb77ce6418ac05faa
https://eyonespace.ey.com/Sites/e4dbf4e7256d4bf98994c8c98b4a6f6d,https://eytaxca.sharepoint.com/Sites/02c86909abc6425994e18df8375546a2
https://eyonespace.ey.com/Sites/bf5c68d47a2b44d9be3111741ce652f0,https://eytaxca.sharepoint.com/Sites/6facd95eb25f4a7db177e5b658e6ab7d
https://eyonespace.ey.com/Sites/e937f6d6b6d140d4b0a2d6cccc97d2c3,https://eytaxca.sharepoint.com/Sites/f3a530bf4cad46a48e5c686b8232a2f4
https://eyonespace.ey.com/Sites/cef5a03b7f3345c599ad142584cb8da9,https://eytaxca.sharepoint.com/Sites/2548e0f954334d3290a827992427b1b6
https://eyonespace.ey.com/Sites/d1ada25791864154b5a3bed1366372cc,https://eytaxca.sharepoint.com/Sites/e1c7178ced6b4b3eb7638d3f37cf25ef
https://eyonespace.ey.com/Sites/db5d8d133f124c348891cb165a842150,https://eytaxca.sharepoint.com/Sites/785004dec87e462ca7b663fe8769ec35
https://eyonespace.ey.com/Sites/b979139b06a4457abe342a04f400dca2,https://eytaxca.sharepoint.com/Sites/9cc462adcd7d4ab3a1473de68b3308d8
https://eyonespace.ey.com/Sites/c37b43df0dd34b839c3c4f264d5866ae,https://eytaxca.sharepoint.com/Sites/59095d0a8c154c0dba6dbe644bc99bbd
https://eyonespace.ey.com/Sites/ce9e715a2803487b8147f5ac683d8c0b,https://eytaxca.sharepoint.com/Sites/6bb927918b5a4535af718b66391cd65f
https://eyonespace.ey.com/Sites/c667b307b1c547fca26dce409b5836ed,https://eytaxca.sharepoint.com/Sites/b8e1d59021f44d2184dade677400b2b5
https://eyonespace.ey.com/Sites/e48af918913e4123bd2d228112d34c92,https://eytaxca.sharepoint.com/Sites/4b9a72b381a14fc7a57805f90c086be2
https://eyonespace.ey.com/Sites/d0175746ebb3462792f63bd863d01ef2,https://eytaxca.sharepoint.com/Sites/2697e99501184ebc8c1fe973349b9753
https://eyonespace.ey.com/Sites/bb77bd97635e4d2ab715aff2f8db98f2,https://eytaxca.sharepoint.com/Sites/4ca9c4c823244eacbcbadad8bde6206f
https://eyonespace.ey.com/Sites/c2a4d8453db544fd834d13fc3034b2de,https://eytaxca.sharepoint.com/Sites/73ad5a837de54922b0dbef2392f30c77
https://eyonespace.ey.com/Sites/c410300a6098489d819e0ed849e1ab59,https://eytaxca.sharepoint.com/Sites/d2a25d068155447dae3ac30c0d66daa6
https://eyonespace.ey.com/Sites/bac330d611f247a493c01806731362d6,https://eytaxca.sharepoint.com/Sites/318a2fe8335d4657aa61aea2ec9d3d0f
https://eyonespace.ey.com/Sites/e762d8d244b84792b21e985d73d87542,https://eytaxca.sharepoint.com/Sites/cb82130bb82749f1b1d14f2b02ca6e02
https://eyonespace.ey.com/Sites/cb38f8ed89284358b373b783e61acc32,https://eytaxca.sharepoint.com/Sites/5618c44099534931886d36eee1592fcf
https://eyonespace.ey.com/Sites/e0edb7170411499895fd25d5e8b30f01,https://eytaxca.sharepoint.com/Sites/6c1d5974dd5a45c1a5080b17ed046faf
https://eyonespace.ey.com/Sites/dc47d8d8745342c4bc0877521e624ed8,https://eytaxca.sharepoint.com/Sites/19cbf08d459a44589e4308b6bd517281
https://eyonespace.ey.com/Sites/daefd76625ab46b1ad60f1cdf1c8c4ea,https://eytaxca.sharepoint.com/Sites/6faafd8497964543b11b29c2144cd9ca
https://eyonespace.ey.com/Sites/d03bc6686fd64798a7c106ab90cbfa31,https://eytaxca.sharepoint.com/Sites/9959650bfc324c76ba049fad55203282
https://eyonespace.ey.com/Sites/cfdeaa9fa03e44f4957b1e5f74001e36,https://eytaxca.sharepoint.com/Sites/3c3122e003454192a1999400248b42e0
https://eyonespace.ey.com/Sites/cd3c510d9f31492087a18ddad368c7dd,https://eytaxca.sharepoint.com/Sites/3fd9a524cbae494897da6c3fd6be918e
https://eyonespace.ey.com/Sites/b50b740b145b43c38c05d206617dcbdc,https://eytaxca.sharepoint.com/Sites/7455f89e3cd74321bbd2c830d1fee80b
https://eyonespace.ey.com/Sites/be7d584b76624f05b74148fea8a204f2,https://eytaxca.sharepoint.com/Sites/8b43e53f9adb447b94eefefb84eb8909
https://eyonespace.ey.com/Sites/e1faa9d021994d5580ad3076c813c88d,https://eytaxca.sharepoint.com/Sites/649237de4baf470ebaf38a443321899c
https://eyonespace.ey.com/Sites/cd420f63be2c4dad9c7730856b52d638,https://eytaxca.sharepoint.com/Sites/6c894ca2dabd40d5a641abb7d42ae824
https://eyonespace.ey.com/Sites/d6339753c9a44ff4a8ba5f0e96e4f1d1,https://eytaxca.sharepoint.com/Sites/e69bfa01bcf84d39a1bfc1332c1a62dd
https://eyonespace.ey.com/Sites/c7f63e0dc5b14f4992f5b3b092a3d123,https://eytaxca.sharepoint.com/Sites/565ad138918c4ee1bea8f5f68a5c39bd
https://eyonespace.ey.com/Sites/bb964922a76940e7941319a29acae569,https://eytaxca.sharepoint.com/Sites/f824b3836c684845bd1ad2286b1e7230
https://eyonespace.ey.com/Sites/e72a660078444202a28853cdb2f47bd9,https://eytaxca.sharepoint.com/Sites/c2a696766dc94d0aa61898fa6fad7336
https://eyonespace.ey.com/Sites/e7e73b56c85642c2a262efeaca1eda94,https://eytaxca.sharepoint.com/Sites/a59481248c174f72a6ac4b09e85836aa
https://eyonespace.ey.com/Sites/e9b8bccc4c7f429a900b48888fd1385a,https://eytaxca.sharepoint.com/Sites/761651ba73994aeb81fb709ee4bc2a40
https://eyonespace.ey.com/Sites/b49f9e9b590842a6963d4c3514bf1326,https://eytaxca.sharepoint.com/Sites/1278aca4547a469ea6e051dd426ce7e6
https://eyonespace.ey.com/Sites/c043e65c6cfd47a6975cda3c67cba5c2,https://eytaxca.sharepoint.com/Sites/9586d46d63ec47a58bab2fffd5b04e55
https://eyonespace.ey.com/Sites/d5dfbc274e604da1861cbb2a80553291,https://eytaxca.sharepoint.com/Sites/8c827b26a0c740f3968af663256ec7b0
https://eyonespace.ey.com/Sites/be6067f71ff84ac680bffe9636914bc7,https://eytaxca.sharepoint.com/Sites/7c79cbdd137e46fbbdc52b25cfe5f543
https://eyonespace.ey.com/Sites/e9db5a4e7adf4909aeb452d3f7133783,https://eytaxca.sharepoint.com/Sites/c0c3aa1df84045fd90e41aa395339ed8
https://eyonespace.ey.com/Sites/d73d42165edb4909b4c64290fa3d9d9a,https://eytaxca.sharepoint.com/Sites/0c0855e452d741c1b963e559ff008b36
https://eyonespace.ey.com/Sites/c288c6396e7c41549819a912deecd3fc,https://eytaxca.sharepoint.com/Sites/c9a4c043ddc64cf3b3eaff0fa1b790b3
https://eyonespace.ey.com/Sites/e37f714550d44e809ad8619f553a19f8,https://eytaxca.sharepoint.com/Sites/7b9af379c0b44b9583d7f0e0fa27a4ea
https://eyonespace.ey.com/Sites/d1e45da6bd884f0a84bc6bb8bfe8d927,https://eytaxca.sharepoint.com/Sites/8139f5cce64448f09ad326bfa84083ec
https://eyonespace.ey.com/Sites/dc1eb05f4c3e4d1a97ada759e570bcde,https://eytaxca.sharepoint.com/Sites/b87f7fbc734d42639b992b2d504918bb
https://eyonespace.ey.com/Sites/cb74c665b0504c80a75a7eda6287a38f,https://eytaxca.sharepoint.com/Sites/6ec15915db804d6fbc587400ef2dd567
https://eyonespace.ey.com/Sites/d19b0cde8f704465a6fc06ceff5a9154,https://eytaxca.sharepoint.com/Sites/d7c32f498e4e4eec85dae2bb655853af
https://eyonespace.ey.com/Sites/ceeade793ce046d49a120dc50c312b83,https://eytaxca.sharepoint.com/Sites/c3f1134400c34f16ae7461200cb20e76
https://eyonespace.ey.com/Sites/d2ffaa95a8414dfdb339e1fad9660d42,https://eytaxca.sharepoint.com/Sites/00ffe03dca4143978fdb6be3b78cf326
https://eyonespace.ey.com/Sites/b9c9302656764d7aa9080b5b863574f4,https://eytaxca.sharepoint.com/Sites/bc221d44a95449b282d050c7431799b5
https://eyonespace.ey.com/Sites/ceafd40f723a47a4a70e306f8827900a,https://eytaxca.sharepoint.com/Sites/f28b6e8261e04dcbb3244c44da41bdee
https://eyonespace.ey.com/Sites/d593b4dc29db4e1f8eee4eca159cd1fd,https://eytaxca.sharepoint.com/Sites/dd8c46db79d9480bafec33c3febf806e
https://eyonespace.ey.com/Sites/13ae75aeeb9f44e9a8d47733292cede3,https://eytaxca.sharepoint.com/Sites/2c9360eec800492bbe465fa6cea1e2fa
https://eyonespace.ey.com/Sites/662d81c7c5064b089337d0a2d5cb3788,https://eytaxca.sharepoint.com/Sites/ebb578edeab54f5b8ece8764420d667f
https://eyonespace.ey.com/Sites/b66eee85aa764935b550665355f38f68,https://eytaxca.sharepoint.com/Sites/4bbbc58187e24017bc75bd6156b0cadc
https://eyonespace.ey.com/Sites/8a1d8679eff34c5eb5505540770d0f39,https://eytaxca.sharepoint.com/Sites/71900611b4f1439bbef5baa5af285076
https://eyonespace.ey.com/Sites/a6a6402e0ebb43ee88ca65a48692fe1d,https://eytaxca.sharepoint.com/Sites/1c127caf2d0a41b480c7138b9fbf6119
https://eyonespace.ey.com/Sites/ac3e3e32b05d44b3adfda94a4c170448,https://eytaxca.sharepoint.com/Sites/5cf0176090fb4370930cceaea8e909c1
https://eyonespace.ey.com/Sites/e9ea5ccacf1d4a57866c0cf3bf659ffa,https://eytaxca.sharepoint.com/Sites/342b84756df045529b44cad9d272b1bb
https://eyonespace.ey.com/Sites/823f1ef4eb144aa0b332149c2fb48bcd,https://eytaxca.sharepoint.com/Sites/dc4394747c564a7eb0daeadb8978559a
https://eyonespace.ey.com/Sites/275105ef763b4d91a0a4b97694a7350e,https://eytaxca.sharepoint.com/Sites/54f7b83fb5e94eaca1fe6a68da1a2ba7
https://eyonespace.ey.com/Sites/218a69242acf4c888d19ccf729748ccd,https://eytaxca.sharepoint.com/Sites/197e99c0b7d348d3b0630727fcaa01eb
https://eyonespace.ey.com/Sites/f9d7c3053d5440399965e1697d558afc,https://eytaxca.sharepoint.com/Sites/bd258b13e31747e78e02a6607fcf3e04
https://eyonespace.ey.com/Sites/fff72eb9f8094aec8fa6b79d44ff168f,https://eytaxca.sharepoint.com/Sites/4c912ada519a40c0a3069c58663ecee0
https://eyonespace.ey.com/Sites/f5d12670a2b849b78f95b1d3d064d43c,https://eytaxca.sharepoint.com/Sites/f036e1e2864b4594a301120aeb229989
https://eyonespace.ey.com/Sites/0ea4e65ff4c44ad0b6f747d0991d738b,https://eytaxca.sharepoint.com/Sites/824fe5eba9014feb9683faf12b402f9d
https://eyonespace.ey.com/Sites/0f144640459744dba0af4c69e84c5c12,https://eytaxca.sharepoint.com/Sites/164284a8ae714b73911dd226534bf279
https://eyonespace.ey.com/Sites/fa0012bec6f3429cbc6232fc18321e5f,https://eytaxca.sharepoint.com/Sites/26c17b0ee2e246499d8b26639492f578
https://eyonespace.ey.com/Sites/f0eac9e53f604fe88458621eef05fc12,https://eytaxca.sharepoint.com/Sites/328aa57f5f0746dbaa85a5630fb5797b
https://eyonespace.ey.com/Sites/00a324bcdf234e00afdd5205108a9ac5,https://eytaxca.sharepoint.com/Sites/4da0c6ceee4d4bedae7478a0f61af100
https://eyonespace.ey.com/Sites/ead1f282486744f9b002f23f0b89550a,https://eytaxca.sharepoint.com/Sites/5583fa0d03e944d5957b2ecb427d6426
https://eyonespace.ey.com/Sites/fcf786532db44efcb21cbbf0ef6c5c71,https://eytaxca.sharepoint.com/Sites/965de485897149b08026d884910fcfdf
https://eyonespace.ey.com/Sites/f6c243a422014465b8b07bd3a6b18b50,https://eytaxca.sharepoint.com/Sites/61d64e98140a471eb156797b6de241d9
https://eyonespace.ey.com/Sites/f1e6a74e509c4b8ba727e59d4e1451bf,https://eytaxca.sharepoint.com/Sites/52352b51801e4c6985d7bd6f07267c02
https://eyonespace.ey.com/Sites/035dab8db8d5407192345c70651d9dbb,https://eytaxca.sharepoint.com/Sites/19de9250c74d4d41bc18ca086181f817
https://eyonespace.ey.com/Sites/f9d7d24708c441f7a94fc1b644f9ad69,https://eytaxca.sharepoint.com/Sites/90a2f0abddda4bb6a1af1d716523b563
https://eyonespace.ey.com/Sites/07f8ea117ea34ec8829020248dc9d864,https://eytaxca.sharepoint.com/Sites/0c915498df0b4b0dae879b57df2f5bb6
https://eyonespace.ey.com/Sites/ff628444a1e64215bf2401985554e479,https://eytaxca.sharepoint.com/Sites/699433d1546c49bdb59fc698d002fb22
https://eyonespace.ey.com/Sites/f535ec909bdf4c349ac29cb5d658424a,https://eytaxca.sharepoint.com/Sites/b041674b53004490941cf4ad9f72b9d2
https://eyonespace.ey.com/Sites/ff27be9a4c3b461a95164fcfb168f0b8,https://eytaxca.sharepoint.com/Sites/44d9131c91b54757a43fa3607b491f9d
https://eyonespace.ey.com/Sites/ee8348d3e77841f3b98050213ab49ea5,https://eytaxca.sharepoint.com/Sites/1d509bd5932640d9a76fd083a9f357e9
https://eyonespace.ey.com/Sites/f4e283a4082a43c7ac6b01b0c676b708,https://eytaxca.sharepoint.com/Sites/687d02800ba14a1a8160a9394e72f1ef
https://eyonespace.ey.com/Sites/1040ed2763b349619f19c25da309fe29,https://eytaxca.sharepoint.com/Sites/84b309aa209a42a4bfe6d60fed7fb8dc
https://eyonespace.ey.com/Sites/07902876d39641a8b789b91bda8007a2,https://eytaxca.sharepoint.com/Sites/50908563d86c4d39bb81a292e1fa8806
https://eyonespace.ey.com/Sites/0f60cca88dc148fa8dca707c33828cea,https://eytaxca.sharepoint.com/Sites/58b5bd7a1cb54f5f889509856d5a32e6
https://eyonespace.ey.com/Sites/039da44660ea45cc80419038b34c4b8d,https://eytaxca.sharepoint.com/Sites/26e5aeb1f3664c85a4c2eeac8a8fb5f6
https://eyonespace.ey.com/Sites/0a62d5e545414c4b9337af194f30d25f,https://eytaxca.sharepoint.com/Sites/79f124e334ce494bb69b7d85180d67a7
https://eyonespace.ey.com/Sites/11ff4ef4fca24ef3ab49be934ca759ba,https://eytaxca.sharepoint.com/Sites/9dbaca42763e4eb1a78e8c3ff79acd13
https://eyonespace.ey.com/Sites/0e493bf83d924748906f18a947207760,https://eytaxca.sharepoint.com/Sites/03d8583a6b8649cebdc4bca86cc44c7a
https://eyonespace.ey.com/Sites/0a0b932b8d324f3188f1f0f021a8728e,https://eytaxca.sharepoint.com/Sites/7ceea8f07d6d460098960e0007ba389a
https://eyonespace.ey.com/Sites/106790aabc3b4840a7bbeb235ab1eb77,https://eytaxca.sharepoint.com/Sites/fd5db7d199164d2ea21ef01e73546414
https://eyonespace.ey.com/Sites/f061c4d961fd43318da9ec479057a8f7,https://eytaxca.sharepoint.com/Sites/e4487263b653413f8b0241c45d3edf7b
https://eyonespace.ey.com/Sites/f7f09945db104c8386b547d6273fbd52,https://eytaxca.sharepoint.com/Sites/7a64dd31f48c4371a714fa5733af9a9f
https://eyonespace.ey.com/Sites/fb2b481abc5f4eab89bb2f138f0dc313,https://eytaxca.sharepoint.com/Sites/a226ae0cb540407d820da1894b5f87fe
https://eyonespace.ey.com/Sites/ff2117429a384c8393005de59ab20ef8,https://eytaxca.sharepoint.com/Sites/c35042bd0ace41b693db36a308c4304d
https://eyonespace.ey.com/Sites/f8585c92e0d34cd09b43732ca65d2552,https://eytaxca.sharepoint.com/Sites/61435d9548e2493ba6dca11603223928
https://eyonespace.ey.com/Sites/ff44bf9e08c84dc9aac0e1457e35bc89,https://eytaxca.sharepoint.com/Sites/e7923a37655547408b7226744aab35cc
https://eyonespace.ey.com/Sites/0e27aadfff834115be58691b1cdcd47b,https://eytaxca.sharepoint.com/Sites/d14c9728407c40a0b7bb9290d26ba53b
https://eyonespace.ey.com/Sites/eea2d3e24b8d4d429a744a94fa321db2,https://eytaxca.sharepoint.com/Sites/b2f7969c62914a169bbc6aacd27d4972
https://eyonespace.ey.com/Sites/e9edc52390294e7f86fa162b4a20e38f,https://eytaxca.sharepoint.com/Sites/707a3026752347b2ad143fccb2da5166
https://eyonespace.ey.com/Sites/ed29f3d965b645fba861bfd36fc2da80,https://eytaxca.sharepoint.com/Sites/b3d68d46a3634ac7b05cde57abd91e37
https://eyonespace.ey.com/Sites/0327fac7f0a74849b62de74df6f3fb0e,https://eytaxca.sharepoint.com/Sites/d69751d426c841739f136e40239b9bec
https://eyonespace.ey.com/Sites/07d7fb049d80405ea608d94314c9c07b,https://eytaxca.sharepoint.com/Sites/a2c94e9fde9b4a298fd4a97cc0cb75a4
https://eyonespace.ey.com/Sites/04d90d3ca2db4a93b5da52c1e8f4546f,https://eytaxca.sharepoint.com/Sites/59397ff97a534544bbd00ab197cf84a5
https://eyonespace.ey.com/Sites/f724df5954c04247ac9ca1287a656775,https://eytaxca.sharepoint.com/Sites/195b69d07f814c16a39b0554fa1e9712
https://eyonespace.ey.com/Sites/f3d811976f704dfca35069580b8b962c,https://eytaxca.sharepoint.com/Sites/9c031566cdcf40528ee028012d83e743
https://eyonespace.ey.com/Sites/72eb93b35fcc46eb9649d3f2fb31e55f,https://eytaxca.sharepoint.com/Sites/e849a5c06cd54fb0b7bc677cc1009595
https://eyonespace.ey.com/Sites/0f7c4d2bffde4b489583c473cd042506,https://eytaxca.sharepoint.com/Sites/a353de84571d4ed1a0fcb6148316ea50
https://eyonespace.ey.com/Sites/0948e534dffa4f819dbaf0ee4103b3cf,https://eytaxca.sharepoint.com/Sites/f93344ef308a4c6db22d2383eade4ada
https://eyonespace.ey.com/Sites/00511081de304302a5dd17966c28da04,https://eytaxca.sharepoint.com/Sites/7c0edbc3aaca4070a76186699ccea192
https://eyonespace.ey.com/Sites/031c239d8ff94b448072e4884eaf48db,https://eytaxca.sharepoint.com/Sites/166e609be0d14053909e73a8bfabd0a6
https://eyonespace.ey.com/Sites/00c82e116d884dbf8dd0c1933d5672d0,https://eytaxca.sharepoint.com/Sites/68ae03c67c624cba905cce35717d5fbd
https://eyonespace.ey.com/Sites/0bb91c9f700b49c692b75656e0ab700f,https://eytaxca.sharepoint.com/Sites/6610c211d5e64b38b7e133205fd6aa05
https://eyonespace.ey.com/Sites/0fe66622834a440ab1496529d46d8a6c,https://eytaxca.sharepoint.com/Sites/6186c299d9f541bdb06f9ce9b77957a8
https://eyonespace.ey.com/Sites/0a6a1ae9429448e09a7713d7fa804727,https://eytaxca.sharepoint.com/Sites/e0f1479f888447dd85066ad9b9d08217
https://eyonespace.ey.com/Sites/fd06627694184a0c9d2ba766d0629c23,https://eytaxca.sharepoint.com/Sites/9cd3c168ec8b4b929fa0f32649808009
https://eyonespace.ey.com/Sites/f7ddeceb8d21414e8c92445e1979f496,https://eytaxca.sharepoint.com/Sites/82f88eabdbb24a2998cd9884e96ee158
https://eyonespace.ey.com/Sites/fe6b6f939d6e4fe2b29a474275a43638,https://eytaxca.sharepoint.com/Sites/1ac831b5e1cf4b7da3a1f0c4b6aaa69f
https://eyonespace.ey.com/Sites/f2afa02b8a3244c7809829ed845d7781,https://eytaxca.sharepoint.com/Sites/7dd016da9be248619cea37ce17c89ffb
https://eyonespace.ey.com/Sites/fd36a9df834946bb8e19e604c72ae9a3,https://eytaxca.sharepoint.com/Sites/51a03047a5bf41b597a7d063a5a3b644
https://eyonespace.ey.com/Sites/eafa452dc52f4313b03cf80d174b0681,https://eytaxca.sharepoint.com/Sites/f04d269fa8984121a96c914bfe99d85a
https://eyonespace.ey.com/Sites/eabbcb50d53849129ad0f21c9d416a90,https://eytaxca.sharepoint.com/Sites/b086491b0cec40069b5b7337e3ab2eb1
https://eyonespace.ey.com/Sites/ef7ea50a075641608bf9c101af75daa7,https://eytaxca.sharepoint.com/Sites/7fb65d9dbde8401ea98fb62e34ab3dac
https://eyonespace.ey.com/Sites/fe912c3d7078454ab882271fb2f80552,https://eytaxca.sharepoint.com/Sites/797e601f3e0049128f7630590251e490
https://eyonespace.ey.com/Sites/0b0c1e7d4c4b45eca5803cd80d404a69,https://eytaxca.sharepoint.com/Sites/7691dfa1522647b083f8a123e28f28bf
https://eyonespace.ey.com/Sites/074530cde1d64878af6f335a73d0be1d,https://eytaxca.sharepoint.com/Sites/57cf3bcbc5114209b1498a079f029516
https://eyonespace.ey.com/Sites/fa9a998514514b13bf66d3a1bd8c2828,https://eytaxca.sharepoint.com/Sites/f0b15d531e4f45e29a5fa93525703279
https://eyonespace.ey.com/Sites/ebe287d963404c7b8c597099ce863275,https://eytaxca.sharepoint.com/Sites/393e7e6dcb6e42cc807ead96e8b632e6
https://eyonespace.ey.com/Sites/fb68bdcf44cc4724b5c3fcfd93cc2b1e,https://eytaxca.sharepoint.com/Sites/321bb48177244596a2f3f761aafaadde
https://eyonespace.ey.com/Sites/f236312e5ff64e99a9025b34714b005f,https://eytaxca.sharepoint.com/Sites/dabd1e5f03c541de825a2e85678a4542
https://eyonespace.ey.com/Sites/febb301b72744bbf8fbfe9d54b7b6770,https://eytaxca.sharepoint.com/Sites/edd3fbd25d1e4517965001d63c3cbb0a
https://eyonespace.ey.com/Sites/fe53770614b7423d92e65c0c75ae7fed,https://eytaxca.sharepoint.com/Sites/a0dd2d235739480f9b31fcc44a8d44e8
https://eyonespace.ey.com/Sites/eb4df82622a54527b309b4384bf96c99,https://eytaxca.sharepoint.com/Sites/c26afd97f12d4883b450768f455adf60
https://eyonespace.ey.com/Sites/0dbfe1d8e1484d3fbd760239f61a735a,https://eytaxca.sharepoint.com/Sites/97a68efab7d8416c85d96985e21f4993
https://eyonespace.ey.com/Sites/ea142c768d9a40ab92d703715c8a2562,https://eytaxca.sharepoint.com/Sites/2376b041c8ff495aa96977bf0b16472f
https://eyonespace.ey.com/Sites/fc40e1dd585d461abfbb8bb1ca67d033,https://eytaxca.sharepoint.com/Sites/b9101371f21c4693bb66f53209217c0d
https://eyonespace.ey.com/Sites/0616497a8ff74d5582b7bc0f2877ec94,https://eytaxca.sharepoint.com/Sites/31e4c7c22c44452f9e5b0ccf065fe039
https://eyonespace.ey.com/Sites/04dcae673910429f8b31bddc7bc07d86,https://eytaxca.sharepoint.com/Sites/059c85867859462c81c682e00530dcf9
https://eyonespace.ey.com/Sites/63004f9c6bf44e26a1ccc89c2c5c5c97,https://eytaxca.sharepoint.com/Sites/ee9c2b35e47f49c19d1d30788ba319a4
https://eyonespace.ey.com/Sites/374435e197aa447aa7b9c23fd8bdf9b6,https://eytaxca.sharepoint.com/Sites/d3c4a0c8419f4f6d9000a35bc310fc5a
https://eyonespace.ey.com/Sites/f391f034241e4309ad657f9b9fe3f6ee,https://eytaxca.sharepoint.com/Sites/429e5480251f47c7ab0543705aaa1c7e
https://eyonespace.ey.com/Sites/031483a8f844461ea2e33bde4ec8116e,https://eytaxca.sharepoint.com/Sites/777a9fbcc85f45b989de8eb93ca60dad
https://eyonespace.ey.com/Sites/f9c03ddcff0c493fb37351b4b8899bb2,https://eytaxca.sharepoint.com/Sites/1b67f96d79d14cd29c209ba1993b25fb
https://eyonespace.ey.com/Sites/6c0fd4ecf228439fba13eee28e331913,https://eytaxca.sharepoint.com/Sites/cb900b650557420aa4e74d9e6024b570
https://eyonespace.ey.com/Sites/f8f3b15cf9ac4a7c9b17a8d10b686d48,https://eytaxca.sharepoint.com/Sites/fc74dc2642a74afa91fb6ac1339f844c
https://eyonespace.ey.com/Sites/1d7751c4c83a4a19baa34cd1b34cb72e,https://eytaxca.sharepoint.com/Sites/fe2c9667824348aab66dcbe4f3e5b961
https://eyonespace.ey.com/Sites/28773b7a7cae45e79530e6f12f6c7507,https://eytaxca.sharepoint.com/Sites/88f2137bc2144e748325373270793d33
https://eyonespace.ey.com/Sites/11c5ae5d75a643f2987546b943064c86,https://eytaxca.sharepoint.com/Sites/87fc62c1e7564296aa7590dafed4f11a
https://eyonespace.ey.com/Sites/2f2d3db424de49e78d8114d0387791fd,https://eytaxca.sharepoint.com/Sites/baaade68523a44b5aba0180883d1e3d6
https://eyonespace.ey.com/Sites/1a1a9f922b85484fb5b89ef367f5853e,https://eytaxca.sharepoint.com/Sites/ca9a1778723b4967acf9f79ac2e2e619
https://eyonespace.ey.com/Sites/31495690d9914495928036297808f0f2,https://eytaxca.sharepoint.com/Sites/35e2c2ceda9345e6b324db589858b79e
https://eyonespace.ey.com/Sites/115ad7195c9f45cb883e3798af12ce15,https://eytaxca.sharepoint.com/Sites/d890de62824e4ff19a060eb986482f11
https://eyonespace.ey.com/Sites/3cf1272a854149d083c1d130fa4a6332,https://eytaxca.sharepoint.com/Sites/4ad5c283ac3a4b1b9e4d5d954fa5ef25
https://eyonespace.ey.com/Sites/40d5cc28d8844bc0998df0e88c8ae2bf,https://eytaxca.sharepoint.com/Sites/e03f7f0f80044c0fa6d7fe804034fccc
https://eyonespace.ey.com/Sites/389411fe12e4487ea9667783cfa72c40,https://eytaxca.sharepoint.com/Sites/00192ba799174ce6b23676f08f090b51
https://eyonespace.ey.com/Sites/154043457c2c4a62b91ba33dc3bdf3f2,https://eytaxca.sharepoint.com/Sites/36574302f1734b5bb9269f7dcb2a4bd7
https://eyonespace.ey.com/Sites/1b1157e4a8b049b1af4f27fef058526f,https://eytaxca.sharepoint.com/Sites/39b08eaf662f43ca8b622182e572cc5c
https://eyonespace.ey.com/Sites/38a9bedfc4834adea12115035d647e56,https://eytaxca.sharepoint.com/Sites/54122492b24c44b3bd4153470d51b8e4
https://eyonespace.ey.com/Sites/306a7aacb7a04132a02ea1fe510ac161,https://eytaxca.sharepoint.com/Sites/312ef2701cd144af9a53da9a0ed52737
https://eyonespace.ey.com/Sites/17737a266f5c4541bed0698af52edbd8,https://eytaxca.sharepoint.com/Sites/100b4c5a20434d9fbd4f02872fe41baf
https://eyonespace.ey.com/Sites/37eb0a68515e43ea82f5d1e114db9e0c,https://eytaxca.sharepoint.com/Sites/cc7680df8b414b3c8c79c49322b72ac5
https://eyonespace.ey.com/Sites/3909ca1752d04009a966990c8ea96666,https://eytaxca.sharepoint.com/Sites/215099e5c8154fc0a20c37a4bad91dce
https://eyonespace.ey.com/Sites/195372be4b3c4539b38fd08097e95bdf,https://eytaxca.sharepoint.com/Sites/22b879579dc140688c42d4438bd08435
https://eyonespace.ey.com/Sites/188e18728c2a424d88d3d3eb97295ac5,https://eytaxca.sharepoint.com/Sites/17a82e5855e348bf909f9283f2d18459
https://eyonespace.ey.com/Sites/2ceb20f809ba48b7b3a19120b5550cda,https://eytaxca.sharepoint.com/Sites/18b7c0d338cd48bf9da4b7603d241d86
https://eyonespace.ey.com/Sites/2acf28efa3324e2e882322a707b0dab0,https://eytaxca.sharepoint.com/Sites/5aef2e38e2404671ad2b53c50bf58b97
https://eyonespace.ey.com/Sites/1b5ac7ad9e69415e830bb231aaf80c95,https://eytaxca.sharepoint.com/Sites/af87b87a3dbd444caa9c7d9236daf4ee
https://eyonespace.ey.com/Sites/36dd633587824cdd9e990fbd47429a67,https://eytaxca.sharepoint.com/Sites/21bacde4f54f424589581b1f1522ff7a
https://eyonespace.ey.com/Sites/2d2e76b728e649ff8a3bc4aed5866c5c,https://eytaxca.sharepoint.com/Sites/56eb2f3cfc8e4f4e8c6c4e38b1fb73dc
https://eyonespace.ey.com/Sites/24a6c633b6a54a66b142db912123e0a3,https://eytaxca.sharepoint.com/Sites/df9acbdd132f476c9b78f7140a8ee600
https://eyonespace.ey.com/Sites/3b6e9c9a56174e1aa46961b8f519ab9f,https://eytaxca.sharepoint.com/Sites/274700a4e012482e942b5332c9145103
https://eyonespace.ey.com/Sites/40e9130b2b05494da2ffd271440497a3,https://eytaxca.sharepoint.com/Sites/dafa487e525d42afb1c9ea9ec364f265
https://eyonespace.ey.com/Sites/389d169dad2b4851ade22d62971f1dca,https://eytaxca.sharepoint.com/Sites/cb7aa9a164d942248c017673516c8fc3
https://eyonespace.ey.com/Sites/1a78cae4f6ed4abbb2a3d8f2d1237602,https://eytaxca.sharepoint.com/Sites/2b8b7f1778184c3ab21a68db5ed168b3
https://eyonespace.ey.com/Sites/287518b07ac94029883a35e73cd1cd27,https://eytaxca.sharepoint.com/Sites/552106b657c042d08138a40f1ca5ea61
https://eyonespace.ey.com/Sites/150ae05d846c431e8b17db232618e4a5,https://eytaxca.sharepoint.com/Sites/d24db51327344a7f9c235e13ab03008c
https://eyonespace.ey.com/Sites/3d46d5e1159a4306b4b21c146e7d86ab,https://eytaxca.sharepoint.com/Sites/dbfee7a577ea40239d10b82e1cd28a0e
https://eyonespace.ey.com/Sites/31d740622f904c2ea854a1ed33cc8dcb,https://eytaxca.sharepoint.com/Sites/3e9eb5c19d3b4060957667a89ea7dbed
https://eyonespace.ey.com/Sites/286c64359cb24825b7e55605b09d480f,https://eytaxca.sharepoint.com/Sites/e129a6deb17f43509b116357dda894ea
https://eyonespace.ey.com/Sites/40c79abfd1294b3a9237bc3b564eac6f,https://eytaxca.sharepoint.com/Sites/197c3f83148844acaa49e9714dbde17e
https://eyonespace.ey.com/Sites/188ac315b5054b1d838309bb892d6e32,https://eytaxca.sharepoint.com/Sites/b3842599291947879d255328f932dcd9
https://eyonespace.ey.com/Sites/1dcb34128f4a4622a4f5ed3c586c0e94,https://eytaxca.sharepoint.com/Sites/fa4080396ea94c538fcc9242a6e075d3
https://eyonespace.ey.com/Sites/31785b57ef1c434683d54fec093cdcb8,https://eytaxca.sharepoint.com/Sites/796e1079644244298158a205973300d5
https://eyonespace.ey.com/Sites/1ee26b3b70ae4beb886d7c4d4141d212,https://eytaxca.sharepoint.com/Sites/22629c47cc474f5abbeb7d588a895c27
https://eyonespace.ey.com/Sites/25bd8f433d6a45c487268bde63ff3fa2,https://eytaxca.sharepoint.com/Sites/9c55e9d5da464ab6b765af7f26ca516a
https://eyonespace.ey.com/Sites/39f08056b19c47fba586b51358bd4e21,https://eytaxca.sharepoint.com/Sites/7299a5ee20f34d178c70aeccc395f508
https://eyonespace.ey.com/Sites/379aafc9806844fa89482157c5fd6cd1,https://eytaxca.sharepoint.com/Sites/619cfcbbdc5149f0a4e378fd51f26d2d
https://eyonespace.ey.com/Sites/26d3e46a7f3f474881d91e258beacd75,https://eytaxca.sharepoint.com/Sites/9dd1258c12b14f75aab989f4e5269aa6
https://eyonespace.ey.com/Sites/24ec7467914e4cfe8048df9c087c5701,https://eytaxca.sharepoint.com/Sites/9b43139d19c84712bd67224c5458556d
https://eyonespace.ey.com/Sites/114e0cdb30e94654828cfdd866facd59,https://eytaxca.sharepoint.com/Sites/90cbd61223264eda8ffc643b0c8f4a31
https://eyonespace.ey.com/Sites/2564fae5a0b046fe9a285eec11219dfe,https://eytaxca.sharepoint.com/Sites/b41ceeb8c8524e858dd01fffa6919dc4
https://eyonespace.ey.com/Sites/1fdf02ec8f724963889dc53945b00ba5,https://eytaxca.sharepoint.com/Sites/7277f696dc4444d685bfbb51e6e4f52b
https://eyonespace.ey.com/Sites/34106bae695e4c61b167ab646961b42d,https://eytaxca.sharepoint.com/Sites/fd2a63c3e8114390a2c3e741b6b5543a
https://eyonespace.ey.com/Sites/2b6c5bc5a588466cbef90b995580b973,https://eytaxca.sharepoint.com/Sites/34e4b2cb4c854854b54b95818e2defb9
https://eyonespace.ey.com/Sites/14dc34224905406e81e3a9600e0b3381,https://eytaxca.sharepoint.com/Sites/76e51f867b794e78b79fef06803f5406
https://eyonespace.ey.com/Sites/2cdd5ba47e7244ccbee218a2a1ee70f6,https://eytaxca.sharepoint.com/Sites/1573bb43ed5a403f9f335f8d9471aaee
https://eyonespace.ey.com/Sites/14cd1ac74a97417683f75d8ba7488d44,https://eytaxca.sharepoint.com/Sites/0650f2ae193946a1b41bc306f8117f5b
https://eyonespace.ey.com/Sites/3b30f7dba94d4bbfa507e580480346ca,https://eytaxca.sharepoint.com/Sites/da23f0f2216b40e588c4f9a4347bd84f
https://eyonespace.ey.com/Sites/3766a32afd7d48adaf339dec02f2b17d,https://eytaxca.sharepoint.com/Sites/bc6d56efdabd43c59abbcfef20b04193
https://eyonespace.ey.com/Sites/19c7ccb16d2c42d8811c2738b23f14a3,https://eytaxca.sharepoint.com/Sites/aad590a5aeb544978a11e2e4959ccd4e
https://eyonespace.ey.com/Sites/3ad429c2855846808c942cfbb5366470,https://eytaxca.sharepoint.com/Sites/e6dc11166b7442c1b8f9c5c8cf688372
https://eyonespace.ey.com/Sites/183dc07c0eb5491f867fe0db5fd1ba41,https://eytaxca.sharepoint.com/Sites/5ba45ccb120e42b1b7a31d0b57b58d85
https://eyonespace.ey.com/Sites/2caa4bb5c201474d89f786b70778798b,https://eytaxca.sharepoint.com/Sites/c323e827e1224574b90ed38140d457e2
https://eyonespace.ey.com/Sites/4049af57a5034d4594216b53e3807b4b,https://eytaxca.sharepoint.com/Sites/ba8a81ac597f44e4a6c18330880ac3bd
https://eyonespace.ey.com/Sites/17b8003695f14bb9a771d32a256c405a,https://eytaxca.sharepoint.com/Sites/02ca5f22a88b4cb990bfe35255b16616
https://eyonespace.ey.com/Sites/3e0b5e6dd18a4d608857c3e930fe749a,https://eytaxca.sharepoint.com/Sites/a1c10309f5c04347998f3f183ac75e10
https://eyonespace.ey.com/Sites/12cfb18db4604d228318b311c1439faf,https://eytaxca.sharepoint.com/Sites/fbdb842e337a473c93d3d0894e9cd025
https://eyonespace.ey.com/Sites/2dc7fc023e784555adb50a62b8f8c94f,https://eytaxca.sharepoint.com/Sites/56e0afdfbc3647eea91f6471bb2cb5b8
https://eyonespace.ey.com/Sites/378e936444f14774be02ed622c765a01,https://eytaxca.sharepoint.com/Sites/dfc25ae4c855431f90b539d92879ad06
https://eyonespace.ey.com/Sites/1f4326e0d54a4acc81c252da33b5a0b6,https://eytaxca.sharepoint.com/Sites/9aec5efe68174a6a8aeb4f9385734b61
https://eyonespace.ey.com/Sites/2c62ce35bad9496ab1b76a10133536bd,https://eytaxca.sharepoint.com/Sites/dcbdc591f00b4732a88278d5160e9311
https://eyonespace.ey.com/Sites/335c41e7967d4a6fa0fa26a4f640ba7e,https://eytaxca.sharepoint.com/Sites/96cefbcfc3684475904874afc115c21f
https://eyonespace.ey.com/Sites/1ef294ef7a4c447db4bb1e58d1a08b82,https://eytaxca.sharepoint.com/Sites/e1f0cdb4f68d45468196e706dabe5d55
https://eyonespace.ey.com/Sites/3333815e4c4841bc9146b63f7719b754,https://eytaxca.sharepoint.com/Sites/b3334e1112134706a666c00d927906b4
https://eyonespace.ey.com/Sites/3e6c897d90e649f9aa11c28a1314a5b3,https://eytaxca.sharepoint.com/Sites/17a4f46a9fed4486be66dfbe47a13043
https://eyonespace.ey.com/Sites/281d9adeb3be4f1dbe934d228d88c778,https://eytaxca.sharepoint.com/Sites/93f1ed1601e042cb8ae176bc7bab5f5d
https://eyonespace.ey.com/Sites/331e70e7761f44cc9fcf07c530ea28d6,https://eytaxca.sharepoint.com/Sites/42505c0224fd4715a01416b9f1247980
https://eyonespace.ey.com/Sites/2c3882d185ee45dbaa1fe4f95968eb7c,https://eytaxca.sharepoint.com/Sites/0aa6d07b735546ac8ad510d9ecc44343
https://eyonespace.ey.com/Sites/394983608ed940a38d1ff00fd57a1810,https://eytaxca.sharepoint.com/Sites/f632d1f5a04d4613aa00b1f86e49f48e
https://eyonespace.ey.com/Sites/1d5a7ac8019c4fe789fa2659c7f050f2,https://eytaxca.sharepoint.com/Sites/af624ac2203545c3be5cd441c639cfdb
https://eyonespace.ey.com/Sites/2e3a660508104fd4a11ab0e548be7f1f,https://eytaxca.sharepoint.com/Sites/2553fa1b86a94eefa2884003f160f9c7
https://eyonespace.ey.com/Sites/1927e16db0e84cfea52e742b917d3ed4,https://eytaxca.sharepoint.com/Sites/14091464b33f4591a1494ba3e1144bb6
https://eyonespace.ey.com/Sites/2b2933cc2fad40b5b9cf68ff56fad498,https://eytaxca.sharepoint.com/Sites/3a468af1f49d4892aa198f51d118995a
https://eyonespace.ey.com/Sites/17dae34c668c46e4abf5d54772be61ef,https://eytaxca.sharepoint.com/Sites/8a3e2d3510824238a5d31dc46b932f53
https://eyonespace.ey.com/Sites/1d1bb3aea23944c38df792a0daedfb1b,https://eytaxca.sharepoint.com/Sites/80f93eaf43344928b5787c8a3035b0a6
https://eyonespace.ey.com/Sites/17b15f8b74be4f99813995040558567a,https://eytaxca.sharepoint.com/Sites/6e306af73f1948469a6104fba0e7dc54
https://eyonespace.ey.com/Sites/3f42474efbe8471795f1f7630514424c,https://eytaxca.sharepoint.com/Sites/e3e5544486eb456ba81110fc6d7a213f
https://eyonespace.ey.com/Sites/19c2bdf6b0f041c2a1e39ec9b3a5717d,https://eytaxca.sharepoint.com/Sites/9d85662e05f546589221b0a83c12853a
https://eyonespace.ey.com/Sites/3d498adfce4240a1b371de274a79377b,https://eytaxca.sharepoint.com/Sites/170b4eb61e43404faaea51c667ecdbec
https://eyonespace.ey.com/Sites/39fa15d79249488287dfb82b817175fa,https://eytaxca.sharepoint.com/Sites/d68b7f6afcb64072926392b7c5693894
https://eyonespace.ey.com/Sites/1f976ffc762b44c5bd832e29ac317b70,https://eytaxca.sharepoint.com/Sites/d9cfcebb1aad4af6ad71055740fffa48
https://eyonespace.ey.com/Sites/395d698d1cea4f84bd1c0057a271d4bf,https://eytaxca.sharepoint.com/Sites/dfb8e346d2d44765b1ee1973a66a7bff
https://eyonespace.ey.com/Sites/298de863b8424289ba619ceb6352a68e,https://eytaxca.sharepoint.com/Sites/ce16326dd2604dd49b6b919037e99c1c
https://eyonespace.ey.com/Sites/2d73825dbab041849a4cae7c3ad448cd,https://eytaxca.sharepoint.com/Sites/2b5903dba124439e801d784b3d51fed0
https://eyonespace.ey.com/Sites/3bc9be90f2184e24b2e5aedd26ab0c68,https://eytaxca.sharepoint.com/Sites/d744c125b2e54fe9b58bfe2ca71c01d5
https://eyonespace.ey.com/Sites/15e0e09c6b364bf89003360c6617ef37,https://eytaxca.sharepoint.com/Sites/cc12855c67d24e38bfac59f967e0a018
https://eyonespace.ey.com/Sites/17ff1dd9563d4290ad2aaad38475a73e,https://eytaxca.sharepoint.com/Sites/f76378f12c0640c8aa1157085d83c192
https://eyonespace.ey.com/Sites/3cfd64da5c994df491144fb658a7202a,https://eytaxca.sharepoint.com/Sites/f024357c3c5948cfbc4b35e5a0468578
https://eyonespace.ey.com/Sites/2faba6d9e4c94ec6a568f2f381297547,https://eytaxca.sharepoint.com/Sites/806887ff8b364845922e1c6ac2964c0a
https://eyonespace.ey.com/Sites/12690eb3f4514100ba09b503bdd568fd,https://eytaxca.sharepoint.com/Sites/a537d9147fd846aa819402856a11f5f5
https://eyonespace.ey.com/Sites/2e12b542c09741b296837e1112c8dfba,https://eytaxca.sharepoint.com/Sites/43ff000df7f34a2b9cfa52908404a394
https://eyonespace.ey.com/Sites/32d8273154c744c48d169dce4d06bcf7,https://eytaxca.sharepoint.com/Sites/e0e786f5863f418fb83cac10085dfcb2
https://eyonespace.ey.com/Sites/cd3049ea7ddc4332b122d36db4c3ce2f,https://eytaxca.sharepoint.com/Sites/a71e2dee093f4ba6b5ddab4e6c19075b
https://eyonespace.ey.com/Sites/633e2892878f48f39ca00728f09c4100,https://eytaxca.sharepoint.com/Sites/8cc98d162a9d4e57a67064fe01474799
https://eyonespace.ey.com/Sites/713d3a54c23843c4a53af4516e192066,https://eytaxca.sharepoint.com/Sites/df61abe0405543d78e0d588fde43462b
https://eyonespace.ey.com/Sites/c960d25b2a2a4161908a8a859b08231d,https://eytaxca.sharepoint.com/Sites/d8db1d03e3bf43b9a5dc0d64f37eb35e
https://eyonespace.ey.com/Sites/3ef97cec67424aa9866386328fb9231c,https://eytaxca.sharepoint.com/Sites/81a1fb398ac547bdaf23c2e679d17ddd
https://eyonespace.ey.com/Sites/0fc026f5efff4798affcdef1c0e310e4,https://eytaxca.sharepoint.com/Sites/34b46b72b00a477e8aedadfe457a607a
https://eyonespace.ey.com/Sites/0bd25a48843640f2ab6de600f41d9abb,https://eytaxca.sharepoint.com/Sites/b2d5576dca084d6faa61deaf02995ddf
https://eyonespace.ey.com/Sites/4f132e59bf3844b8a7049243fb895afe,https://eytaxca.sharepoint.com/Sites/4042629e28f04d0ba25a1b6ac539cc22
https://eyonespace.ey.com/Sites/3fd8eb03f15349218637dfb1aa02918a,https://eytaxca.sharepoint.com/Sites/aef28efd5dac4771817cf93887a79ed7
https://eyonespace.ey.com/Sites/3c33328ca1a74a5a919db0a5e9cc37df,https://eytaxca.sharepoint.com/Sites/ffb17fc1ee0044ee87a2714fc44722ff
https://eyonespace.ey.com/Sites/ab967e1bfb3e46d6b8c3e912a6977645,https://eytaxca.sharepoint.com/Sites/76c2ff58bd0b4c8882f758fb5bdd34de
https://eyonespace.ey.com/Sites/6978b73285f14cdd9e086477efdc47ee,https://eytaxca.sharepoint.com/Sites/2fa7a48c741a405e81685fa01ca9a654
https://eyonespace.ey.com/Sites/f9e29331c53249b1ab0f120ff4f525d8,https://eytaxca.sharepoint.com/Sites/31a0e0806add42e9946c6a046d86852b
