{"name":"0e9a5651-46e2-43e8-b153-9acf3052a559","id":"/providers/Microsoft.Flow/flows/0e9a5651-46e2-43e8-b153-9acf3052a559","type":"Microsoft.Flow/flows","properties":{"apiId":"/providers/Microsoft.PowerApps/apis/shared_logicflows","displayName":"Grants Award Letter Task ","definition":{"metadata":{"workflowEntityId":null,"processAdvisorMetadata":null,"flowChargedByPaygo":null,"flowclientsuspensionreason":"None","flowclientsuspensiontime":null,"flowclientsuspensionreasondetails":null,"creator":{"id":"35ea2755-60f8-486e-86d4-ecf01d70aa9c","type":"User","tenantId":"04aa6bf4-d436-426f-bfa4-04b7a70e60ff"},"provisioningMethod":"FromDefinition","failureAlertSubscription":true,"clientLastModifiedTime":"2023-05-22T15:16:25.2968802Z"},"$schema":"https://schema.management.azure.com/providers/Microsoft.Logic/schemas/2016-06-01/workflowdefinition.json#","contentVersion":"1.0.0.0","parameters":{"$connections":{"defaultValue":{},"type":"Object"},"$authentication":{"defaultValue":{},"type":"SecureObject"}},"triggers":{"When_an_item_is_created_or_modified":{"recurrence":{"frequency":"Minute","interval":5},"splitOn":"@triggerOutputs()?['body/value']","metadata":{"operationMetadataId":"c918a338-f570-44e6-b7ef-126cfba0fd98"},"type":"OpenApiConnection","inputs":{"host":{"apiId":"/providers/Microsoft.PowerApps/apis/shared_sharepointonline","connectionName":"shared_sharepointonline","operationId":"GetOnUpdatedItems"},"parameters":{"dataset":"https://nmgov.sharepoint.com/sites/PED-TitleIGrant/Test/IDEAB","table":"ab945414-7489-4dfd-a9a6-57ecdc74a54a"},"authentication":"@parameters('$authentication')"}}},"actions":{"Condition":{"actions":{"Switch_-_Completed":{"runAfter":{},"cases":{"Program_Director":{"case":"Program Director","actions":{"Update_Item_1":{"runAfter":{},"type":"OpenApiConnection","inputs":{"host":{"apiId":"/providers/Microsoft.PowerApps/apis/shared_sharepointonline","connectionName":"shared_sharepointonline","operationId":"PatchItem"},"parameters":{"dataset":"https://nmgov.sharepoint.com/sites/PED-TitleIGrant/Test/IDEAB","table":"bb268671-1f8b-4d46-9f31-28bacc9186f7","id":"@triggerOutputs()?['body/Ref_x0020_ID']","item/Title":"@triggerOutputs()?['body/Ref_x0020_Title']","item/Status/Value":"Director of Fiscal Grants Management Bureau","item/Run_x0020_WF/Value":"Yes"},"authentication":"@parameters('$authentication')"}},"Create_History_Item_-_1":{"runAfter":{"Update_Item_1":["Succeeded"]},"type":"OpenApiConnection","inputs":{"host":{"apiId":"/providers/Microsoft.PowerApps/apis/shared_sharepointonline","connectionName":"shared_sharepointonline","operationId":"PostItem"},"parameters":{"dataset":"https://nmgov.sharepoint.com/sites/PED-TitleIGrant/Test/IDEAB","table":"ce4623fa-3672-4b58-a198-a9f0620ca16d","item/Title":"@outputs('Update_Item_1')?['body/Title']","item/Action_x0020_Type/Value":"Task Created \\ Email Sent","item/Status/Value":"Program Director","item/Action_x0020_Participant/Claims":"@outputs('Update_Item_1')?['body/Program_x0020_Bureau_x0020_Chief/DisplayName']","item/Link_x0020_to_x0020_Award_x0020_":"@triggerOutputs()?['body/Link_x0020_to_x0020_Award_x0020_']","item/DTG":"@outputs('Update_Item_1')?['body/Modified']","item/DB_x0020_ID":"@triggerOutputs()?['body/DB_x0020_ID']","item/Related_x0020_ID":"@triggerOutputs()?['body/ID']","item/List_x0020_Name":"Grants Award Task List","item/Additional_x0020_Log_x0020_Detai":"Task Completed by Program Director"},"authentication":"@parameters('$authentication')"}}}},"Director_of_Fiscal_Grants_Management_Bureau":{"case":"Director of Fiscal Grants Management Bureau","actions":{"Update_Item_2":{"runAfter":{},"type":"OpenApiConnection","inputs":{"host":{"apiId":"/providers/Microsoft.PowerApps/apis/shared_sharepointonline","connectionName":"shared_sharepointonline","operationId":"PatchItem"},"parameters":{"dataset":"https://nmgov.sharepoint.com/sites/PED-TitleIGrant/Test/IDEAB","table":"bb268671-1f8b-4d46-9f31-28bacc9186f7","id":"@triggerOutputs()?['body/Ref_x0020_ID']","item/Title":"@triggerOutputs()?['body/Ref_x0020_Title']","item/Status/Value":"Dir of Administrative Services Division","item/Run_x0020_WF/Value":"Yes"},"authentication":"@parameters('$authentication')"}},"Create_History_Item_-_2":{"runAfter":{"Update_Item_2":["Succeeded"]},"type":"OpenApiConnection","inputs":{"host":{"apiId":"/providers/Microsoft.PowerApps/apis/shared_sharepointonline","connectionName":"shared_sharepointonline","operationId":"PostItem"},"parameters":{"dataset":"https://nmgov.sharepoint.com/sites/PED-TitleIGrant/Test/IDEAB","table":"ce4623fa-3672-4b58-a198-a9f0620ca16d","item/Title":"@outputs('Update_Item_2')?['body/Title']","item/Action_x0020_Type/Value":"Task Completed","item/Status/Value":"Director of Fiscal Grants Management Bureau","item/Action_x0020_Participant/Claims":"@outputs('Update_Item_2')?['body/Bureau_x0020_Chief_x0020_of_x0020/DisplayName']","item/Link_x0020_to_x0020_Award_x0020_":"@triggerOutputs()?['body/Link_x0020_to_x0020_Award_x0020_']","item/DTG":"@outputs('Update_Item_2')?['body/Modified']","item/DB_x0020_ID":"@outputs('Update_Item_2')?['body/DB_x0020_ID0']","item/Related_x0020_ID":"@triggerOutputs()?['body/ID']","item/List_x0020_Name":"Grants Award Task List","item/Additional_x0020_Log_x0020_Detai":"Task Completed by Director of Fiscal Grants Management Bureau"},"authentication":"@parameters('$authentication')"}}}},"Dir_of_Administrative_Services_Division":{"case":"Dir of Administrative Services Division","actions":{"Update_Item_3":{"runAfter":{},"type":"OpenApiConnection","inputs":{"host":{"apiId":"/providers/Microsoft.PowerApps/apis/shared_sharepointonline","connectionName":"shared_sharepointonline","operationId":"PatchItem"},"parameters":{"dataset":"https://nmgov.sharepoint.com/sites/PED-TitleIGrant/Test/IDEAB","table":"bb268671-1f8b-4d46-9f31-28bacc9186f7","id":"@triggerOutputs()?['body/Ref_x0020_ID']","item/Title":"@triggerOutputs()?['body/Ref_x0020_Title']","item/Status/Value":"F and O Deputy Secretary","item/Run_x0020_WF/Value":"Yes"},"authentication":"@parameters('$authentication')"}},"Create_History_Item_-_3":{"runAfter":{"Update_Item_3":["Succeeded"]},"type":"OpenApiConnection","inputs":{"host":{"apiId":"/providers/Microsoft.PowerApps/apis/shared_sharepointonline","connectionName":"shared_sharepointonline","operationId":"PostItem"},"parameters":{"dataset":"https://nmgov.sharepoint.com/sites/PED-TitleIGrant/Test/IDEAB","table":"ce4623fa-3672-4b58-a198-a9f0620ca16d","item/Title":"@outputs('Update_Item_3')?['body/Title']","item/Action_x0020_Type/Value":"Task Completed","item/Status/Value":"Dir of Administrative Services Division","item/Action_x0020_Participant/Claims":"@outputs('Update_Item_3')?['body/Dir_x0020_of_x0020_Administratio/DisplayName']","item/Link_x0020_to_x0020_Award_x0020_":"@triggerOutputs()?['body/Link_x0020_to_x0020_Award_x0020_']","item/DTG":"@outputs('Update_Item_3')?['body/Modified']","item/DB_x0020_ID":"@triggerOutputs()?['body/DB_x0020_ID']","item/Related_x0020_ID":"@outputs('Update_Item_3')?['body/ID']","item/List_x0020_Name":"Grants Award Task List","item/Additional_x0020_Log_x0020_Detai":"Task Completed by Dir of Administrative Services Division"},"authentication":"@parameters('$authentication')"}}}},"F_and_O_Deputy_Secretary":{"case":"F and O Deputy Secretary","actions":{"Update_Item_4":{"runAfter":{},"type":"OpenApiConnection","inputs":{"host":{"apiId":"/providers/Microsoft.PowerApps/apis/shared_sharepointonline","connectionName":"shared_sharepointonline","operationId":"PatchItem"},"parameters":{"dataset":"https://nmgov.sharepoint.com/sites/PED-TitleIGrant/Test/IDEAB","table":"bb268671-1f8b-4d46-9f31-28bacc9186f7","id":"@triggerOutputs()?['body/Ref_x0020_ID']","item/Title":"@triggerOutputs()?['body/Ref_x0020_Title']","item/Status/Value":"Liaison","item/Run_x0020_WF/Value":"Yes"},"authentication":"@parameters('$authentication')"}},"Create_History_Item_-_4":{"runAfter":{"Update_Item_4":["Succeeded"]},"type":"OpenApiConnection","inputs":{"host":{"apiId":"/providers/Microsoft.PowerApps/apis/shared_sharepointonline","connectionName":"shared_sharepointonline","operationId":"PostItem"},"parameters":{"dataset":"https://nmgov.sharepoint.com/sites/PED-TitleIGrant/Test/IDEAB","table":"ce4623fa-3672-4b58-a198-a9f0620ca16d","item/Title":"@outputs('Update_Item_4')?['body/Title']","item/Action_x0020_Type/Value":"Task Completed","item/Status/Value":"F&O Deputy Secretary","item/Action_x0020_Participant/Claims":"@outputs('Update_Item_4')?['body/F_x0026_O_x0020_Deputy_x0020_Sec/DisplayName']","item/Link_x0020_to_x0020_Award_x0020_":"@triggerOutputs()?['body/Link_x0020_to_x0020_Award_x0020_']","item/DTG":"@outputs('Update_Item_4')?['body/Modified']","item/DB_x0020_ID":"@outputs('Update_Item_4')?['body/DB_x0020_ID0']","item/Related_x0020_ID":"@outputs('Update_Item_4')?['body/ID']","item/List_x0020_Name":"Grants Award Task List","item/Additional_x0020_Log_x0020_Detai":"Task Completed by F and O Deputy Secretary"},"authentication":"@parameters('$authentication')"}}}},"Liaison":{"case":"Liaison","actions":{"Update_Item_5":{"runAfter":{},"type":"OpenApiConnection","inputs":{"host":{"apiId":"/providers/Microsoft.PowerApps/apis/shared_sharepointonline","connectionName":"shared_sharepointonline","operationId":"PatchItem"},"parameters":{"dataset":"https://nmgov.sharepoint.com/sites/PED-TitleIGrant/Test/IDEAB","table":"bb268671-1f8b-4d46-9f31-28bacc9186f7","id":"@triggerOutputs()?['body/Ref_x0020_ID']","item/Title":"@triggerOutputs()?['body/Ref_x0020_Title']","item/Status/Value":"Completed","item/Run_x0020_WF/Value":"Yes"},"authentication":"@parameters('$authentication')"}},"Create_History_Item_-_5":{"runAfter":{"Update_Item_5":["Succeeded"]},"type":"OpenApiConnection","inputs":{"host":{"apiId":"/providers/Microsoft.PowerApps/apis/shared_sharepointonline","connectionName":"shared_sharepointonline","operationId":"PostItem"},"parameters":{"dataset":"https://nmgov.sharepoint.com/sites/PED-TitleIGrant/Test/IDEAB","table":"ce4623fa-3672-4b58-a198-a9f0620ca16d","item/Title":"@outputs('Update_Item_5')?['body/Title']","item/Action_x0020_Type/Value":"Task Completed","item/Status/Value":"Liaison","item/Action_x0020_Participant/Claims":"@outputs('Update_Item_5')?['body/Liaison_x0020__x002d__x0020_Name/DisplayName']","item/Link_x0020_to_x0020_Award_x0020_":"@triggerOutputs()?['body/Link_x0020_to_x0020_Award_x0020_']","item/DTG":"@outputs('Update_Item_5')?['body/Modified']","item/DB_x0020_ID":"@outputs('Update_Item_5')?['body/DB_x0020_ID0']","item/Related_x0020_ID":"@outputs('Update_Item_5')?['body/ID']","item/List_x0020_Name":"Grants Award Task List","item/Additional_x0020_Log_x0020_Detai":"Task Completed by Liaison"},"authentication":"@parameters('$authentication')"}}}}},"default":{"actions":{"Terminate_10":{"runAfter":{},"type":"Terminate","inputs":{"runStatus":"Failed","runError":{"code":"@triggerOutputs()?['body/TaskStatus/Value']","message":"No Switch Conditions Were Met"}}}}},"expression":"@triggerOutputs()?['body/TaskStatus/Value']","metadata":{"operationMetadataId":"d42ecf5e-67aa-4c39-9aa6-0113876758a4"},"type":"Switch"},"Terminate_-_Switch_Completed":{"runAfter":{"Switch_-_Completed":["Succeeded"]},"metadata":{"operationMetadataId":"5c4b651a-a11c-4290-96a8-c189f0663b9d"},"type":"Terminate","inputs":{"runStatus":"Succeeded"}}},"runAfter":{"Switch":["Succeeded"]},"else":{"actions":{"Switch_-_Not_Completed":{"runAfter":{},"cases":{"Case_-_Assigned":{"case":"Assigned","actions":{"Create_History_Item_-_Assigned":{"runAfter":{},"type":"OpenApiConnection","inputs":{"host":{"apiId":"/providers/Microsoft.PowerApps/apis/shared_sharepointonline","connectionName":"shared_sharepointonline","operationId":"PostItem"},"parameters":{"dataset":"https://nmgov.sharepoint.com/sites/PED-TitleIGrant/Test/IDEAB","table":"ce4623fa-3672-4b58-a198-a9f0620ca16d","item/Title":"@triggerOutputs()?['body/Title']","item/Action_x0020_Type/Value":"Task Assigned","item/Status/Value":"@variables('vTaskAwardStatus')","item/Action_x0020_Participant/Claims":"@triggerOutputs()?['body/AssignedTo/DisplayName']","item/Link_x0020_to_x0020_Award_x0020_":"@triggerOutputs()?['body/Link_x0020_to_x0020_Award_x0020_']","item/DTG":"@triggerOutputs()?['body/Modified']","item/DB_x0020_ID":"@triggerOutputs()?['body/DB_x0020_ID']","item/Related_x0020_ID":"@triggerOutputs()?['body/ID']","item/List_x0020_Name":"Grants Award Task List","item/Additional_x0020_Log_x0020_Detai":"Task Assigned"},"authentication":"@parameters('$authentication')"}},"Delay_-_Assigned":{"runAfter":{"Create_History_Item_-_Assigned":["Succeeded"]},"type":"Wait","inputs":{"interval":{"count":"@variables('vDelayCount')","unit":"Day"}}},"Condition_-_Assigned":{"actions":{"Terminate_2":{"runAfter":{},"type":"Terminate","inputs":{"runStatus":"Succeeded"}}},"runAfter":{"Delay_-_Assigned":["Succeeded"]},"else":{"actions":{"Send_Email_-_Assigned":{"runAfter":{},"type":"OpenApiConnection","inputs":{"host":{"apiId":"/providers/Microsoft.PowerApps/apis/shared_sendmail","connectionName":"shared_sendmail","operationId":"SendEmailV3"},"parameters":{"request/to":"@{outputs('Create_History_Item_-_Assigned')?['body/Action_x0020_Participant/Email']};","request/subject":"An Award Memo Pending Your Approval","request/text":"<p>Hello @{outputs('Create_History_Item_-_Assigned')?['body/Action_x0020_Participant/DisplayName']},<br>\n<br>\nThis is to inform you that there is an award memo that will soon expire and needs your review.<br>\n<br>\nAward Letter: @{outputs('Create_History_Item_-_Assigned')?['body/Link_x0020_to_x0020_Award_x0020_']}<br>\n<br>\nAward Letter Tasks: Review and approve/edit/deny the award memo and send to the appropriate next step. Please ensure this is completed in a timely manner to avoid any unnecessary delays. &nbsp;&nbsp;@{triggerOutputs()?['body/{Link}']}<br>\n<br>\n<br>\nThanks!<br>\n<br>\nGrants Award Letter Process</p>"},"authentication":"@parameters('$authentication')"}},"Create_History_Item_-_3_Day_Reminder_1":{"runAfter":{"Send_Email_-_Assigned":["Succeeded"]},"type":"OpenApiConnection","inputs":{"host":{"apiId":"/providers/Microsoft.PowerApps/apis/shared_sharepointonline","connectionName":"shared_sharepointonline","operationId":"PostItem"},"parameters":{"dataset":"https://nmgov.sharepoint.com/sites/PED-TitleIGrant/Test/IDEAB","table":"ce4623fa-3672-4b58-a198-a9f0620ca16d","item/Title":"@triggerOutputs()?['body/Title']","item/Action_x0020_Type/Value":"Task Overdue","item/Status/Value":"@outputs('Create_History_Item_-_Assigned')?['body/Action_x0020_Participant/JobTitle']","item/Action_x0020_Participant/Claims":"@outputs('Create_History_Item_-_Assigned')?['body/Action_x0020_Participant/DisplayName']","item/Link_x0020_to_x0020_Award_x0020_":"@outputs('Create_History_Item_-_Assigned')?['body/Link_x0020_to_x0020_Award_x0020_']","item/DTG":"@triggerOutputs()?['body/Modified']","item/DB_x0020_ID":"@triggerOutputs()?['body/DB_x0020_ID']","item/Related_x0020_ID":"@triggerOutputs()?['body/ID']","item/List_x0020_Name":"Grants Award Task List","item/Additional_x0020_Log_x0020_Detai":"","item/CategoryDescription":"Task 3 Business Day Reminder Sent"},"authentication":"@parameters('$authentication')"}}}},"expression":{"equals":["@triggerOutputs()?['body/Completion_x0020_Status/Value']","Completed"]},"type":"If"}}},"Case_-_Paused":{"case":"Paused","actions":{"Create_History_Item_-_Paused":{"runAfter":{},"type":"OpenApiConnection","inputs":{"host":{"apiId":"/providers/Microsoft.PowerApps/apis/shared_sharepointonline","connectionName":"shared_sharepointonline","operationId":"PostItem"},"parameters":{"dataset":"https://nmgov.sharepoint.com/sites/PED-TitleIGrant/Test/IDEAB","table":"ce4623fa-3672-4b58-a198-a9f0620ca16d","item/Title":"@triggerOutputs()?['body/Title']","item/Action_x0020_Type/Value":"Task Status Updated","item/Status/Value":"@variables('vTaskAwardStatus')","item/Action_x0020_Participant/Claims":"@triggerOutputs()?['body/AssignedTo/DisplayName']","item/Link_x0020_to_x0020_Award_x0020_":"@triggerOutputs()?['body/Link_x0020_to_x0020_Award_x0020_']","item/DTG":"@triggerOutputs()?['body/Modified']","item/DB_x0020_ID":"@triggerOutputs()?['body/DB_x0020_ID']","item/Related_x0020_ID":"@triggerOutputs()?['body/ID']","item/List_x0020_Name":"Grants Award Task List","item/Additional_x0020_Log_x0020_Detai":"Task Paused"},"authentication":"@parameters('$authentication')"}},"Delay_-_Pause":{"runAfter":{"Create_History_Item_-_Paused":["Succeeded"]},"type":"Wait","inputs":{"interval":{"count":"@variables('vDelayCount')","unit":"Day"}}},"Condition_-_Paused":{"actions":{"Terminate_3":{"runAfter":{},"type":"Terminate","inputs":{"runStatus":"Succeeded"}}},"runAfter":{"Delay_-_Pause":["Succeeded"]},"else":{"actions":{"Send_Email_-_Paused":{"runAfter":{},"type":"OpenApiConnection","inputs":{"host":{"apiId":"/providers/Microsoft.PowerApps/apis/shared_sendmail","connectionName":"shared_sendmail","operationId":"SendEmailV3"},"parameters":{"request/to":"@{outputs('Create_History_Item_-_Paused')?['body/Action_x0020_Participant/Email']};","request/subject":"An Award Memo Pending Your Approval","request/text":"<p>Hello @{outputs('Create_History_Item_-_Paused')?['body/Action_x0020_Participant/DisplayName']},<br>\n<br>\nThis is to inform you that there is an award memo that will soon expire and needs your review. <br>\n<br>\nAward Letter: @{outputs('Create_History_Item_-_Paused')?['body/Link_x0020_to_x0020_Award_x0020_']}<br>\n<br>\nAward Letter Tasks: Review and approve/edit/deny the award memo and send to the appropriate next step. Please ensure this is completed in a timely manner to avoid any unnecessary delays. @{triggerOutputs()?['body/{Link}']}<br>\n<br>\nThanks!<br>\n<br>\nGrants Award Letter Process</p>"},"authentication":"@parameters('$authentication')"}},"Create_History_Item_-_3_Day_Reminder_2":{"runAfter":{"Send_Email_-_Paused":["Succeeded"]},"type":"OpenApiConnection","inputs":{"host":{"apiId":"/providers/Microsoft.PowerApps/apis/shared_sharepointonline","connectionName":"shared_sharepointonline","operationId":"PostItem"},"parameters":{"dataset":"https://nmgov.sharepoint.com/sites/PED-TitleIGrant/Test/IDEAB","table":"ce4623fa-3672-4b58-a198-a9f0620ca16d","item/Title":"@triggerOutputs()?['body/Title']","item/Action_x0020_Type/Value":"Task Overdue","item/Status/Value":"@outputs('Create_History_Item_-_Paused')?['body/Action_x0020_Participant/JobTitle']","item/Action_x0020_Participant/Claims":"@outputs('Create_History_Item_-_Paused')?['body/Action_x0020_Participant/DisplayName']","item/Link_x0020_to_x0020_Award_x0020_":"@outputs('Create_History_Item_-_Paused')?['body/Link_x0020_to_x0020_Award_x0020_']","item/DTG":"@triggerOutputs()?['body/Modified']","item/DB_x0020_ID":"@triggerOutputs()?['body/DB_x0020_ID']","item/Related_x0020_ID":"@triggerOutputs()?['body/ID']","item/List_x0020_Name":"Grants Award Task List","item/Additional_x0020_Log_x0020_Detai":"","item/CategoryDescription":"Task 3 Business Day Reminder Sent"},"authentication":"@parameters('$authentication')"}}}},"expression":{"equals":["@triggerOutputs()?['body/Completion_x0020_Status/Value']","Completed"]},"type":"If"}}},"Case_-_In_Progress":{"case":"In Progress","actions":{"Create_History_Item_-_In_Progress":{"runAfter":{},"type":"OpenApiConnection","inputs":{"host":{"apiId":"/providers/Microsoft.PowerApps/apis/shared_sharepointonline","connectionName":"shared_sharepointonline","operationId":"PostItem"},"parameters":{"dataset":"https://nmgov.sharepoint.com/sites/PED-TitleIGrant/Test/IDEAB","table":"ce4623fa-3672-4b58-a198-a9f0620ca16d","item/Title":"@triggerOutputs()?['body/Title']","item/Action_x0020_Type/Value":"Task Status Updated","item/Status/Value":"@variables('vTaskAwardStatus')","item/Action_x0020_Participant/Claims":"@triggerOutputs()?['body/AssignedTo/DisplayName']","item/Link_x0020_to_x0020_Award_x0020_":"@triggerOutputs()?['body/Link_x0020_to_x0020_Award_x0020_']","item/DTG":"@triggerOutputs()?['body/Modified']","item/DB_x0020_ID":"@triggerOutputs()?['body/DB_x0020_ID']","item/Related_x0020_ID":"@triggerOutputs()?['body/ID']","item/List_x0020_Name":"Grants Award Task List","item/Additional_x0020_Log_x0020_Detai":"Task In Progress"},"authentication":"@parameters('$authentication')"}},"Delay_-_In_Progress":{"runAfter":{"Create_History_Item_-_In_Progress":["Succeeded"]},"type":"Wait","inputs":{"interval":{"count":"@variables('vDelayCount')","unit":"Day"}}},"Condition_-_In_Progress":{"actions":{"Terminate_4":{"runAfter":{},"type":"Terminate","inputs":{"runStatus":"Succeeded"}}},"runAfter":{"Delay_-_In_Progress":["Succeeded"]},"else":{"actions":{"Send_Email_-_In_Progress":{"runAfter":{},"type":"OpenApiConnection","inputs":{"host":{"apiId":"/providers/Microsoft.PowerApps/apis/shared_sendmail","connectionName":"shared_sendmail","operationId":"SendEmailV3"},"parameters":{"request/to":"@{outputs('Create_History_Item_-_In_Progress')?['body/Action_x0020_Participant/Email']};","request/subject":"An Award Memo Pending Your Approval","request/text":"<p>Hello @{outputs('Create_History_Item_-_In_Progress')?['body/Action_x0020_Participant/DisplayName']},<br>\n<br>\nThis is to inform you that there is an award memo that will soon expire and needs your review. <br>\n<br>\nAward Letter: @{outputs('Create_History_Item_-_In_Progress')?['body/Link_x0020_to_x0020_Award_x0020_']}<br>\n<br>\nAward Letter Tasks: Review and approve/edit/deny the award memo and send to the appropriate next step. Please ensure this is completed in a timely manner to avoid any unnecessary delays. @{triggerOutputs()?['body/{Link}']}<br>\n<br>\nThanks!<br>\n<br>\nGrants Award Letter Process</p>"},"authentication":"@parameters('$authentication')"}},"Create_History_Item_-_3_Day_Reminder_3":{"runAfter":{"Send_Email_-_In_Progress":["Succeeded"]},"type":"OpenApiConnection","inputs":{"host":{"apiId":"/providers/Microsoft.PowerApps/apis/shared_sharepointonline","connectionName":"shared_sharepointonline","operationId":"PostItem"},"parameters":{"dataset":"https://nmgov.sharepoint.com/sites/PED-TitleIGrant/Test/IDEAB","table":"ce4623fa-3672-4b58-a198-a9f0620ca16d","item/Title":"@triggerOutputs()?['body/Title']","item/Action_x0020_Type/Value":"Task Overdue","item/Status/Value":"@outputs('Create_History_Item_-_In_Progress')?['body/Action_x0020_Participant/JobTitle']","item/Action_x0020_Participant/Claims":"@outputs('Create_History_Item_-_In_Progress')?['body/Action_x0020_Participant/DisplayName']","item/Link_x0020_to_x0020_Award_x0020_":"@outputs('Create_History_Item_-_In_Progress')?['body/Link_x0020_to_x0020_Award_x0020_']","item/DTG":"@triggerOutputs()?['body/Modified']","item/DB_x0020_ID":"@triggerOutputs()?['body/DB_x0020_ID']","item/Related_x0020_ID":"@triggerOutputs()?['body/ID']","item/List_x0020_Name":"Grants Award Task List","item/Additional_x0020_Log_x0020_Detai":"","item/CategoryDescription":"Task 3 Business Day Reminder Sent"},"authentication":"@parameters('$authentication')"}}}},"expression":{"equals":["@triggerOutputs()?['body/Completion_x0020_Status/Value']","Completed"]},"type":"If"}}},"Case_-_Cancelled":{"case":"Cancelled","actions":{"Create_History_Item_-_13":{"runAfter":{},"type":"OpenApiConnection","inputs":{"host":{"apiId":"/providers/Microsoft.PowerApps/apis/shared_sharepointonline","connectionName":"shared_sharepointonline","operationId":"PostItem"},"parameters":{"dataset":"https://nmgov.sharepoint.com/sites/PED-TitleIGrant/Test/IDEAB","table":"ce4623fa-3672-4b58-a198-a9f0620ca16d","item/Title":"@triggerOutputs()?['body/Title']","item/Action_x0020_Type/Value":"Task Status Updated","item/Status/Value":"@variables('vTaskAwardStatus')","item/Action_x0020_Participant/Claims":"@triggerOutputs()?['body/AssignedTo/DisplayName']","item/Link_x0020_to_x0020_Award_x0020_":"@triggerOutputs()?['body/Link_x0020_to_x0020_Award_x0020_']","item/DTG":"@triggerOutputs()?['body/Modified']","item/DB_x0020_ID":"@triggerOutputs()?['body/DB_x0020_ID']","item/Related_x0020_ID":"@triggerOutputs()?['body/ID']","item/List_x0020_Name":"Grants Award Task List","item/Additional_x0020_Log_x0020_Detai":"Task Cancelled"},"authentication":"@parameters('$authentication')"}}}}},"default":{"actions":{"Terminate":{"runAfter":{},"type":"Terminate","inputs":{"runStatus":"Cancelled"}}}},"expression":"@triggerOutputs()?['body/Completion_x0020_Status/Value']","metadata":{"operationMetadataId":"af1ac49f-e97e-4195-9d8c-b8338fbbb117"},"type":"Switch"},"Terminate_11":{"runAfter":{"Switch_-_Not_Completed":["Succeeded"]},"metadata":{"operationMetadataId":"b5de353e-fa6f-4a6a-8e41-afac0c143a59"},"type":"Terminate","inputs":{"runStatus":"Cancelled"}}}},"expression":{"equals":["@triggerOutputs()?['body/Completion_x0020_Status/Value']","Completed"]},"metadata":{"operationMetadataId":"84c90282-51b0-48f7-afd3-40e0db178c98"},"type":"If"},"Initialize_Variable_-_vTaskAwardStatus":{"runAfter":{},"metadata":{"operationMetadataId":"ed046951-552a-4052-9339-0795b12793fd"},"type":"InitializeVariable","inputs":{"variables":[{"name":"vTaskAwardStatus","type":"string","value":"@triggerOutputs()?['body/TaskStatus/Value']"}]}},"Initialize_Variable_-_Day_of_Week":{"runAfter":{"Initialize_Variable_-_vTaskAwardStatus":["Succeeded"]},"metadata":{"operationMetadataId":"092720e8-bc0d-48a5-bf22-af7b2459f490"},"type":"InitializeVariable","inputs":{"variables":[{"name":"vDayOfWeek","type":"string","value":"@{dayOfWeek(utcNow())}"}]}},"Initialize_Variable_-_Delay_Count":{"runAfter":{"Initialize_Variable_-_Day_of_Week":["Succeeded"]},"metadata":{"operationMetadataId":"08ca9dd7-0734-4d8d-a3bb-f675037f6452"},"type":"InitializeVariable","inputs":{"variables":[{"name":"vDelayCount","type":"string"}]}},"Switch":{"runAfter":{"Initialize_Variable_-_Delay_Count":["Succeeded"]},"cases":{"Monday":{"case":1,"actions":{"Set_Delay_Count_-_1":{"runAfter":{},"type":"SetVariable","inputs":{"name":"vDelayCount","value":"3"}}}},"Tuesday":{"case":2,"actions":{"Set_Delay_Count_-_2":{"runAfter":{},"type":"SetVariable","inputs":{"name":"vDelayCount","value":"3"}}}},"Wednesday":{"case":3,"actions":{"Set_Delay_Count_-_3":{"runAfter":{},"type":"SetVariable","inputs":{"name":"vDelayCount","value":"3"}}}},"Thursday":{"case":4,"actions":{"Set_Variable_-_Delay_Count_-_4":{"runAfter":{},"type":"SetVariable","inputs":{"name":"vDelayCount","value":"5"}}}},"Friday":{"case":5,"actions":{"Set_Delay_Count_-_5":{"runAfter":{},"type":"SetVariable","inputs":{"name":"vDelayCount","value":"5"}}}},"Saturday":{"case":6,"actions":{"Set_Delay_Count_-_6":{"runAfter":{},"type":"SetVariable","inputs":{"name":"vDelayCount","value":"5"}}}},"Sunday":{"case":0,"actions":{"Set_Delay_Count_-_7":{"runAfter":{},"type":"SetVariable","inputs":{"name":"vDelayCount","value":"4"}}}}},"default":{"actions":{"Terminate_5":{"runAfter":{},"type":"Terminate","inputs":{"runStatus":"Failed","runError":{"message":"No Delay Count Value Set"}}}}},"expression":"@dayOfWeek(utcNow())","metadata":{"operationMetadataId":"871323c7-a13d-4068-a6c3-6955a2a191cf"},"type":"Switch"}}},"connectionReferences":{"shared_sharepointonline":{"connectionName":"95f9df29f8f44063a99818cfb2a71c6f","source":"Embedded","id":"/providers/Microsoft.PowerApps/apis/shared_sharepointonline","tier":"NotSpecified"},"shared_sendmail":{"connectionName":"shared-sendmail-38119b45-93cc-4ad7-9ccd-0dadf6134d8a","source":"Embedded","id":"/providers/Microsoft.PowerApps/apis/shared_sendmail","tier":"NotSpecified"}},"flowFailureAlertSubscribed":false,"isManaged":false}}