Row #,Type,Name,URL,Item path,Inheritance,Details,User/group,Principal type,Account name,Given through,Full Control,Design,Contribute,Edit,Read,Tax Quality,Read and Personalize,Add Only,Business Unit Access,Team Member Restricted,eViewer Contributor,Workflow Task No Delete,Workflow Task No Delete Member,Tax Engagement Owner,Tax File Administrator,Team Member,Client Member,Client Visitor,EY Client Coordinator,View Only
1,Farm,eyonespace.ey.com,eyonespace.ey.com,,,,,,,,,,,,,,,,,,,,,,,,,,,
2,Web application,eyonespace.ey.com - 443,eyonespace.ey.com:443,,,,,,,,,,,,,,,,,,,,,,,,,,,
3,Site collection,172359 Canada Inc. - 172359 Canada Inc_Permanent,https://eyonespace.ey.com/Sites/37ce8b29f09f4d8f9a268fab4375347e/,,Custom,,(Internal) Team Member Restricted,SharePoint group,(Internal) Team Member Restricted,Explicit,,,X,,,,,,,,,,,,,,,,,
4,Site collection,172359 Canada Inc. - 172359 Canada Inc_Permanent,https://eyonespace.ey.com/Sites/37ce8b29f09f4d8f9a268fab4375347e/,,Custom,,(Internal) Team Members,SharePoint group,(Internal) Team Members,Explicit,,,X,,,,,,,,,,,,,,,,,
5,Site collection,172359 Canada Inc. - 172359 Canada Inc_Permanent,https://eyonespace.ey.com/Sites/37ce8b29f09f4d8f9a268fab4375347e/,,Custom,,Business Unit Access,SharePoint group,Business Unit Access,Explicit,,,X,,,,,,,,,,,,,,,,,
6,Site collection,172359 Canada Inc. - 172359 Canada Inc_Permanent,https://eyonespace.ey.com/Sites/37ce8b29f09f4d8f9a268fab4375347e/,,Custom,,Engagement Home Members,SharePoint group,Engagement Home Members,Explicit,,,X,,,,,,,,,,,,,,,,,
7,Site collection,172359 Canada Inc. - 172359 Canada Inc_Permanent,https://eyonespace.ey.com/Sites/37ce8b29f09f4d8f9a268fab4375347e/,,Custom,,Engagement Home Owners,SharePoint group,Engagement Home Owners,Explicit,,,X,,,,,,,,,,,,,,,,,
8,Site collection,172359 Canada Inc. - 172359 Canada Inc_Permanent,https://eyonespace.ey.com/Sites/37ce8b29f09f4d8f9a268fab4375347e/,,Custom,,Engagement Home Visitors,SharePoint group,Engagement Home Visitors,Explicit,,,,,X,,,,,,,,,,,,,,,
9,Site collection,172359 Canada Inc. - 172359 Canada Inc_Permanent,https://eyonespace.ey.com/Sites/37ce8b29f09f4d8f9a268fab4375347e/,,Custom,,eViewer Contributor,SharePoint group,eViewer Contributor,Explicit,,,X,,,,,,,,,,,,,,,,,
10,Site collection,172359 Canada Inc. - 172359 Canada Inc_Permanent,https://eyonespace.ey.com/Sites/37ce8b29f09f4d8f9a268fab4375347e/,,Custom,,Excel Services Viewers,SharePoint group,Excel Services Viewers,Explicit,,,,,,,,,,,,,,,,,,,,X
11,Site collection,172359 Canada Inc. - 172359 Canada Inc_Permanent,https://eyonespace.ey.com/Sites/37ce8b29f09f4d8f9a268fab4375347e/,,Custom,,Scan To Library Contributor,SharePoint group,Scan To Library Contributor,Explicit,,,X,,,,,,,,,,,,,,,,,
12,Site collection,172359 Canada Inc. - 172359 Canada Inc_Permanent,https://eyonespace.ey.com/Sites/37ce8b29f09f4d8f9a268fab4375347e/,,Custom,,Tax Engagement Owners,SharePoint group,Tax Engagement Owners,Explicit,,,X,,,,,,,,,,,,,,,,,
13,Site collection,172359 Canada Inc. - 172359 Canada Inc_Permanent,https://eyonespace.ey.com/Sites/37ce8b29f09f4d8f9a268fab4375347e/,,Custom,,Tax File Administrators,SharePoint group,Tax File Administrators,Explicit,,,X,,,,,,,,,,,,,,,,,
14,Site collection,172359 Canada Inc. - 172359 Canada Inc_Permanent,https://eyonespace.ey.com/Sites/37ce8b29f09f4d8f9a268fab4375347e/,,Custom,,Tax Quality,SharePoint group,Tax Quality,Explicit,,,X,,,,,,,,,,,,,,,,,
15,Site collection,172359 Canada Inc. - 172359 Canada Inc_Permanent,https://eyonespace.ey.com/Sites/37ce8b29f09f4d8f9a268fab4375347e/,,Custom,,EYIOS SharePoint Admin,User,i:0#.w|eydmz\z.tdmispsa.3,Explicit,,,X,,,,,,,,,,,,,,,,,
16,List,172359 Canada Inc. - 172359 Canada Inc_Permanent_Tasks,https://eyonespace.ey.com/Sites/37ce8b29f09f4d8f9a268fab4375347e/Lists/WorkflowTasks/,,Inherited,,,,,,,,,,,,,,,,,,,,,,,,,
17,List,172359 Canada Inc. - 172359 Canada Inc_Permanent_Tools,https://eyonespace.ey.com/Sites/37ce8b29f09f4d8f9a268fab4375347e/Lists/EngagementTools/,,Inherited,,,,,,,,,,,,,,,,,,,,,,,,,
18,List,Approval Steps,https://eyonespace.ey.com/Sites/37ce8b29f09f4d8f9a268fab4375347e/Lists/EYOSApprovalStepslist/,,Custom,,(Internal) Team Member Restricted,SharePoint group,(Internal) Team Member Restricted,Explicit,,,,,X,,,,,,,,,,,,,,,
19,List,Approval Steps,https://eyonespace.ey.com/Sites/37ce8b29f09f4d8f9a268fab4375347e/Lists/EYOSApprovalStepslist/,,Custom,,(Internal) Team Members,SharePoint group,(Internal) Team Members,Explicit,,,,,X,,,,,,,,,,,,,,,
20,List,Approval Steps,https://eyonespace.ey.com/Sites/37ce8b29f09f4d8f9a268fab4375347e/Lists/EYOSApprovalStepslist/,,Custom,,Engagement Home Members,SharePoint group,Engagement Home Members,Explicit,,,,,X,,,,,,,,,,,,,,,
21,List,Approval Steps,https://eyonespace.ey.com/Sites/37ce8b29f09f4d8f9a268fab4375347e/Lists/EYOSApprovalStepslist/,,Custom,,Engagement Home Visitors,SharePoint group,Engagement Home Visitors,Explicit,,,,,X,,,,,,,,,,,,,,,
22,List,Approval Steps,https://eyonespace.ey.com/Sites/37ce8b29f09f4d8f9a268fab4375347e/Lists/EYOSApprovalStepslist/,,Custom,,Tax Engagement Owners,SharePoint group,Tax Engagement Owners,Explicit,,,X,,,,,,,,,,,,,,,,,
23,List,Approval Steps,https://eyonespace.ey.com/Sites/37ce8b29f09f4d8f9a268fab4375347e/Lists/EYOSApprovalStepslist/,,Custom,,Tax File Administrators,SharePoint group,Tax File Administrators,Explicit,,,X,,,,,,,,,,,,,,,,,
24,List,Approval Steps,https://eyonespace.ey.com/Sites/37ce8b29f09f4d8f9a268fab4375347e/Lists/EYOSApprovalStepslist/,,Custom,,Tax Quality,SharePoint group,Tax Quality,Explicit,,,,,X,,,,,,,,,,,,,,,
25,List,Approval Steps,https://eyonespace.ey.com/Sites/37ce8b29f09f4d8f9a268fab4375347e/Lists/EYOSApprovalStepslist/,,Custom,,EYIOS SharePoint Admin,User,i:0#.w|eydmz\z.tdmispsa.3,Explicit,,,X,,,,,,,,,,,,,,,,,
26,List,Approval Workflows,https://eyonespace.ey.com/Sites/37ce8b29f09f4d8f9a268fab4375347e/Lists/EYOSApprovalWorkflowslist/,,Custom,,(Internal) Team Member Restricted,SharePoint group,(Internal) Team Member Restricted,Explicit,,,,,X,,,,,,,,,,,,,,,
27,List,Approval Workflows,https://eyonespace.ey.com/Sites/37ce8b29f09f4d8f9a268fab4375347e/Lists/EYOSApprovalWorkflowslist/,,Custom,,(Internal) Team Members,SharePoint group,(Internal) Team Members,Explicit,,,,,X,,,,,,,,,,,,,,,
28,List,Approval Workflows,https://eyonespace.ey.com/Sites/37ce8b29f09f4d8f9a268fab4375347e/Lists/EYOSApprovalWorkflowslist/,,Custom,,Engagement Home Members,SharePoint group,Engagement Home Members,Explicit,,,,,X,,,,,,,,,,,,,,,
29,List,Approval Workflows,https://eyonespace.ey.com/Sites/37ce8b29f09f4d8f9a268fab4375347e/Lists/EYOSApprovalWorkflowslist/,,Custom,,Engagement Home Visitors,SharePoint group,Engagement Home Visitors,Explicit,,,,,X,,,,,,,,,,,,,,,
30,List,Approval Workflows,https://eyonespace.ey.com/Sites/37ce8b29f09f4d8f9a268fab4375347e/Lists/EYOSApprovalWorkflowslist/,,Custom,,Tax Engagement Owners,SharePoint group,Tax Engagement Owners,Explicit,,,X,,,,,,,,,,,,,,,,,
31,List,Approval Workflows,https://eyonespace.ey.com/Sites/37ce8b29f09f4d8f9a268fab4375347e/Lists/EYOSApprovalWorkflowslist/,,Custom,,Tax File Administrators,SharePoint group,Tax File Administrators,Explicit,,,X,,,,,,,,,,,,,,,,,
32,List,Approval Workflows,https://eyonespace.ey.com/Sites/37ce8b29f09f4d8f9a268fab4375347e/Lists/EYOSApprovalWorkflowslist/,,Custom,,Tax Quality,SharePoint group,Tax Quality,Explicit,,,,,X,,,,,,,,,,,,,,,
33,List,Approval Workflows,https://eyonespace.ey.com/Sites/37ce8b29f09f4d8f9a268fab4375347e/Lists/EYOSApprovalWorkflowslist/,,Custom,,EYIOS SharePoint Admin,User,i:0#.w|eydmz\z.tdmispsa.3,Explicit,,,X,,,,,,,,,,,,,,,,,
34,List,Connected Libraries,https://eyonespace.ey.com/Sites/37ce8b29f09f4d8f9a268fab4375347e/Lists/ConnectedLibraries/,,Inherited,,,,,,,,,,,,,,,,,,,,,,,,,
35,List,Connected Lists,https://eyonespace.ey.com/Sites/37ce8b29f09f4d8f9a268fab4375347e/Lists/ConnectedLists/,,Inherited,,,,,,,,,,,,,,,,,,,,,,,,,
36,List,Document Copy Audit,https://eyonespace.ey.com/Sites/37ce8b29f09f4d8f9a268fab4375347e/Lists/DocumentCopyAudit/,,Custom,,(Internal) Team Member Restricted,SharePoint group,(Internal) Team Member Restricted,Explicit,,,X,,,,,,,,,,,,,,,,,
37,List,Document Copy Audit,https://eyonespace.ey.com/Sites/37ce8b29f09f4d8f9a268fab4375347e/Lists/DocumentCopyAudit/,,Custom,,(Internal) Team Members,SharePoint group,(Internal) Team Members,Explicit,,,X,,,,,,,,,,,,,,,,,
38,List,Document Copy Audit,https://eyonespace.ey.com/Sites/37ce8b29f09f4d8f9a268fab4375347e/Lists/DocumentCopyAudit/,,Custom,,Tax Engagement Owners,SharePoint group,Tax Engagement Owners,Explicit,,,X,,,,,,,,,,,,,,,,,
39,List,Document Copy Audit,https://eyonespace.ey.com/Sites/37ce8b29f09f4d8f9a268fab4375347e/Lists/DocumentCopyAudit/,,Custom,,Tax File Administrators,SharePoint group,Tax File Administrators,Explicit,,,X,,,,,,,,,,,,,,,,,
40,List,Document Copy Audit,https://eyonespace.ey.com/Sites/37ce8b29f09f4d8f9a268fab4375347e/Lists/DocumentCopyAudit/,,Custom,,EYIOS SharePoint Admin,User,i:0#.w|eydmz\z.tdmispsa.3,Explicit,,,X,,,,,,,,,,,,,,,,,
41,List,Engagement Library Status,https://eyonespace.ey.com/Sites/37ce8b29f09f4d8f9a268fab4375347e/Lists/EngagementLibraryStatus/,,Custom,,(Internal) Team Member Restricted,SharePoint group,(Internal) Team Member Restricted,Explicit,,,X,,,,,,,,,,,,,,,,,
42,List,Engagement Library Status,https://eyonespace.ey.com/Sites/37ce8b29f09f4d8f9a268fab4375347e/Lists/EngagementLibraryStatus/,,Custom,,(Internal) Team Members,SharePoint group,(Internal) Team Members,Explicit,,,X,,,,,,,,,,,,,,,,,
43,List,Engagement Library Status,https://eyonespace.ey.com/Sites/37ce8b29f09f4d8f9a268fab4375347e/Lists/EngagementLibraryStatus/,,Custom,,Tax Engagement Owners,SharePoint group,Tax Engagement Owners,Explicit,,,X,,,,,,,,,,,,,,,,,
44,List,Engagement Library Status,https://eyonespace.ey.com/Sites/37ce8b29f09f4d8f9a268fab4375347e/Lists/EngagementLibraryStatus/,,Custom,,Tax File Administrators,SharePoint group,Tax File Administrators,Explicit,,,X,,,,,,,,,,,,,,,,,
45,List,Engagement Library Status,https://eyonespace.ey.com/Sites/37ce8b29f09f4d8f9a268fab4375347e/Lists/EngagementLibraryStatus/,,Custom,,EYIOS SharePoint Admin,User,i:0#.w|eydmz\z.tdmispsa.3,Explicit,,,X,,,,,,,,,,,,,,,,,
46,List,EYI My Docs Workflow Mapping,https://eyonespace.ey.com/Sites/37ce8b29f09f4d8f9a268fab4375347e/Lists/EYOSWorkflowMapping/,,Custom,,(Internal) Team Member Restricted,SharePoint group,(Internal) Team Member Restricted,Explicit,,,,,X,,,,,,,,,,,,,,,
47,List,EYI My Docs Workflow Mapping,https://eyonespace.ey.com/Sites/37ce8b29f09f4d8f9a268fab4375347e/Lists/EYOSWorkflowMapping/,,Custom,,(Internal) Team Members,SharePoint group,(Internal) Team Members,Explicit,,,,,X,,,,,,,,,,,,,,,
48,List,EYI My Docs Workflow Mapping,https://eyonespace.ey.com/Sites/37ce8b29f09f4d8f9a268fab4375347e/Lists/EYOSWorkflowMapping/,,Custom,,Engagement Home Members,SharePoint group,Engagement Home Members,Explicit,,,,,X,,,,,,,,,,,,,,,
49,List,EYI My Docs Workflow Mapping,https://eyonespace.ey.com/Sites/37ce8b29f09f4d8f9a268fab4375347e/Lists/EYOSWorkflowMapping/,,Custom,,Engagement Home Visitors,SharePoint group,Engagement Home Visitors,Explicit,,,,,X,,,,,,,,,,,,,,,
50,List,EYI My Docs Workflow Mapping,https://eyonespace.ey.com/Sites/37ce8b29f09f4d8f9a268fab4375347e/Lists/EYOSWorkflowMapping/,,Custom,,Tax Engagement Owners,SharePoint group,Tax Engagement Owners,Explicit,,,X,,,,,,,,,,,,,,,,,
51,List,EYI My Docs Workflow Mapping,https://eyonespace.ey.com/Sites/37ce8b29f09f4d8f9a268fab4375347e/Lists/EYOSWorkflowMapping/,,Custom,,Tax File Administrators,SharePoint group,Tax File Administrators,Explicit,,,X,,,,,,,,,,,,,,,,,
52,List,EYI My Docs Workflow Mapping,https://eyonespace.ey.com/Sites/37ce8b29f09f4d8f9a268fab4375347e/Lists/EYOSWorkflowMapping/,,Custom,,Tax Quality,SharePoint group,Tax Quality,Explicit,,,,,X,,,,,,,,,,,,,,,
53,List,EYI My Docs Workflow Mapping,https://eyonespace.ey.com/Sites/37ce8b29f09f4d8f9a268fab4375347e/Lists/EYOSWorkflowMapping/,,Custom,,EYIOS SharePoint Admin,User,i:0#.w|eydmz\z.tdmispsa.3,Explicit,,,X,,,,,,,,,,,,,,,,,
54,Document library,172359 Canada Inc. - 172359 Canada Inc_Permanent_Library,https://eyonespace.ey.com/Sites/37ce8b29f09f4d8f9a268fab4375347e/EngagementDocumentLibrary/,,Custom,,(Internal) Team Member Restricted,SharePoint group,(Internal) Team Member Restricted,Explicit,,,X,,,,,,,,,,,,,,,,,
55,Document library,172359 Canada Inc. - 172359 Canada Inc_Permanent_Library,https://eyonespace.ey.com/Sites/37ce8b29f09f4d8f9a268fab4375347e/EngagementDocumentLibrary/,,Custom,,(Internal) Team Members,SharePoint group,(Internal) Team Members,Explicit,,,X,,,,,,,,,,,,,,,,,
56,Document library,172359 Canada Inc. - 172359 Canada Inc_Permanent_Library,https://eyonespace.ey.com/Sites/37ce8b29f09f4d8f9a268fab4375347e/EngagementDocumentLibrary/,,Custom,,Business Unit Access,SharePoint group,Business Unit Access,Explicit,,,X,,,,,,,,,,,,,,,,,
57,Document library,172359 Canada Inc. - 172359 Canada Inc_Permanent_Library,https://eyonespace.ey.com/Sites/37ce8b29f09f4d8f9a268fab4375347e/EngagementDocumentLibrary/,,Custom,,Engagement Home Members,SharePoint group,Engagement Home Members,Explicit,,,X,,,,,,,,,,,,,,,,,
58,Document library,172359 Canada Inc. - 172359 Canada Inc_Permanent_Library,https://eyonespace.ey.com/Sites/37ce8b29f09f4d8f9a268fab4375347e/EngagementDocumentLibrary/,,Custom,,Engagement Home Owners,SharePoint group,Engagement Home Owners,Explicit,,,X,,,,,,,,,,,,,,,,,
59,Document library,172359 Canada Inc. - 172359 Canada Inc_Permanent_Library,https://eyonespace.ey.com/Sites/37ce8b29f09f4d8f9a268fab4375347e/EngagementDocumentLibrary/,,Custom,,Engagement Home Visitors,SharePoint group,Engagement Home Visitors,Explicit,,,,,X,,,,,,,,,,,,,,,
60,Document library,172359 Canada Inc. - 172359 Canada Inc_Permanent_Library,https://eyonespace.ey.com/Sites/37ce8b29f09f4d8f9a268fab4375347e/EngagementDocumentLibrary/,,Custom,,eViewer Contributor,SharePoint group,eViewer Contributor,Explicit,,,X,,,,,,,,,,,,,,,,,
61,Document library,172359 Canada Inc. - 172359 Canada Inc_Permanent_Library,https://eyonespace.ey.com/Sites/37ce8b29f09f4d8f9a268fab4375347e/EngagementDocumentLibrary/,,Custom,,Excel Services Viewers,SharePoint group,Excel Services Viewers,Explicit,,,,,,,,,,,,,,,,,,,,X
62,Document library,172359 Canada Inc. - 172359 Canada Inc_Permanent_Library,https://eyonespace.ey.com/Sites/37ce8b29f09f4d8f9a268fab4375347e/EngagementDocumentLibrary/,,Custom,,Scan To Library Contributor,SharePoint group,Scan To Library Contributor,Explicit,,,X,,,,,,,,,,,,,,,,,
63,Document library,172359 Canada Inc. - 172359 Canada Inc_Permanent_Library,https://eyonespace.ey.com/Sites/37ce8b29f09f4d8f9a268fab4375347e/EngagementDocumentLibrary/,,Custom,,Tax Engagement Owners,SharePoint group,Tax Engagement Owners,Explicit,,,X,,,,,,,,,,,,,,,,,
64,Document library,172359 Canada Inc. - 172359 Canada Inc_Permanent_Library,https://eyonespace.ey.com/Sites/37ce8b29f09f4d8f9a268fab4375347e/EngagementDocumentLibrary/,,Custom,,Tax File Administrators,SharePoint group,Tax File Administrators,Explicit,,,X,,,,,,,,,,,,,,,,,
65,Document library,172359 Canada Inc. - 172359 Canada Inc_Permanent_Library,https://eyonespace.ey.com/Sites/37ce8b29f09f4d8f9a268fab4375347e/EngagementDocumentLibrary/,,Custom,,Tax Quality,SharePoint group,Tax Quality,Explicit,,,X,,,,,,,,,,,,,,,,,
66,Document library,172359 Canada Inc. - 172359 Canada Inc_Permanent_Library,https://eyonespace.ey.com/Sites/37ce8b29f09f4d8f9a268fab4375347e/EngagementDocumentLibrary/,,Custom,,EYIOS SharePoint Admin,User,i:0#.w|eydmz\z.tdmispsa.3,Explicit,,,X,,,,,,,,,,,,,,,,,
67,Document library,Form Templates,https://eyonespace.ey.com/Sites/37ce8b29f09f4d8f9a268fab4375347e/FormServerTemplates/,,Inherited,,,,,,,,,,,,,,,,,,,,,,,,,
68,Document library,Site Pages,https://eyonespace.ey.com/Sites/37ce8b29f09f4d8f9a268fab4375347e/SitePages/,,Custom,,(Internal) Team Member Restricted,SharePoint group,(Internal) Team Member Restricted,Explicit,,,,,,,X,,,X,,,,,,,,,,
69,Document library,Site Pages,https://eyonespace.ey.com/Sites/37ce8b29f09f4d8f9a268fab4375347e/SitePages/,,Custom,,(Internal) Team Members,SharePoint group,(Internal) Team Members,Explicit,,,,,,,X,,,,,,,,,X,,,,
70,Document library,Site Pages,https://eyonespace.ey.com/Sites/37ce8b29f09f4d8f9a268fab4375347e/SitePages/,,Custom,,Business Unit Access,SharePoint group,Business Unit Access,Explicit,,,,,X,,,,X,,,,,,,,,,,
71,Document library,Site Pages,https://eyonespace.ey.com/Sites/37ce8b29f09f4d8f9a268fab4375347e/SitePages/,,Custom,,Engagement Home Members,SharePoint group,Engagement Home Members,Explicit,,,X,,,,,,,,,,,,,,,,,
72,Document library,Site Pages,https://eyonespace.ey.com/Sites/37ce8b29f09f4d8f9a268fab4375347e/SitePages/,,Custom,,Engagement Home Owners,SharePoint group,Engagement Home Owners,Explicit,,,X,,,,,,,,,,,,,,,,,
73,Document library,Site Pages,https://eyonespace.ey.com/Sites/37ce8b29f09f4d8f9a268fab4375347e/SitePages/,,Custom,,Engagement Home Visitors,SharePoint group,Engagement Home Visitors,Explicit,,,,,X,,,,,,,,,,,,,,,
74,Document library,Site Pages,https://eyonespace.ey.com/Sites/37ce8b29f09f4d8f9a268fab4375347e/SitePages/,,Custom,,eViewer Contributor,SharePoint group,eViewer Contributor,Explicit,,,X,,,,,,,,,,,,,,,,,
75,Document library,Site Pages,https://eyonespace.ey.com/Sites/37ce8b29f09f4d8f9a268fab4375347e/SitePages/,,Custom,,Excel Services Viewers,SharePoint group,Excel Services Viewers,Explicit,,,,,,,,,,,,,,,,,,,,X
76,Document library,Site Pages,https://eyonespace.ey.com/Sites/37ce8b29f09f4d8f9a268fab4375347e/SitePages/,,Custom,,Scan To Library Contributor,SharePoint group,Scan To Library Contributor,Explicit,,,X,,,,,,,,,,,,,,,,,
77,Document library,Site Pages,https://eyonespace.ey.com/Sites/37ce8b29f09f4d8f9a268fab4375347e/SitePages/,,Custom,,Tax Engagement Owners,SharePoint group,Tax Engagement Owners,Explicit,,,X,,,,,,,,,,,,,,,,,
78,Document library,Site Pages,https://eyonespace.ey.com/Sites/37ce8b29f09f4d8f9a268fab4375347e/SitePages/,,Custom,,Tax File Administrators,SharePoint group,Tax File Administrators,Explicit,,,,,X,,,,,,,,,,X,,,,,
79,Document library,Site Pages,https://eyonespace.ey.com/Sites/37ce8b29f09f4d8f9a268fab4375347e/SitePages/,,Custom,,Tax Quality,SharePoint group,Tax Quality,Explicit,,,X,,,,,,,,,,,,,,,,,
80,Document library,Site Pages,https://eyonespace.ey.com/Sites/37ce8b29f09f4d8f9a268fab4375347e/SitePages/,,Custom,,EYIOS SharePoint Admin,User,i:0#.w|eydmz\z.tdmispsa.3,Explicit,,,X,,,,,,,,,,,,,,,,,
81,Document library,Workspace Reports Library,https://eyonespace.ey.com/Sites/37ce8b29f09f4d8f9a268fab4375347e/WorkspaceReportsLibrary/,,Inherited,,,,,,,,,,,,,,,,,,,,,,,,,
82,Site collection,2 Crows Brewing Ltd. - 2 Crows Brewing_Permanent,https://eyonespace.ey.com/Sites/bd6424f324314fb899a0220544de475b/,,Custom,,(Internal) Team Member Restricted,SharePoint group,(Internal) Team Member Restricted,Explicit,,,X,,,,,,,,,,,,,,,,,
83,Site collection,2 Crows Brewing Ltd. - 2 Crows Brewing_Permanent,https://eyonespace.ey.com/Sites/bd6424f324314fb899a0220544de475b/,,Custom,,(Internal) Team Members,SharePoint group,(Internal) Team Members,Explicit,,,X,,,,,,,,,,,,,,,,,
84,Site collection,2 Crows Brewing Ltd. - 2 Crows Brewing_Permanent,https://eyonespace.ey.com/Sites/bd6424f324314fb899a0220544de475b/,,Custom,,Business Unit Access,SharePoint group,Business Unit Access,Explicit,,,X,,,,,,,,,,,,,,,,,
85,Site collection,2 Crows Brewing Ltd. - 2 Crows Brewing_Permanent,https://eyonespace.ey.com/Sites/bd6424f324314fb899a0220544de475b/,,Custom,,Engagement Home Members,SharePoint group,Engagement Home Members,Explicit,,,X,,,,,,,,,,,,,,,,,
86,Site collection,2 Crows Brewing Ltd. - 2 Crows Brewing_Permanent,https://eyonespace.ey.com/Sites/bd6424f324314fb899a0220544de475b/,,Custom,,Engagement Home Owners,SharePoint group,Engagement Home Owners,Explicit,,,X,,,,,,,,,,,,,,,,,
87,Site collection,2 Crows Brewing Ltd. - 2 Crows Brewing_Permanent,https://eyonespace.ey.com/Sites/bd6424f324314fb899a0220544de475b/,,Custom,,Engagement Home Visitors,SharePoint group,Engagement Home Visitors,Explicit,,,,,X,,,,,,,,,,,,,,,
88,Site collection,2 Crows Brewing Ltd. - 2 Crows Brewing_Permanent,https://eyonespace.ey.com/Sites/bd6424f324314fb899a0220544de475b/,,Custom,,eViewer Contributor,SharePoint group,eViewer Contributor,Explicit,,,X,,,,,,,,,,,,,,,,,
89,Site collection,2 Crows Brewing Ltd. - 2 Crows Brewing_Permanent,https://eyonespace.ey.com/Sites/bd6424f324314fb899a0220544de475b/,,Custom,,Excel Services Viewers,SharePoint group,Excel Services Viewers,Explicit,,,,,,,,,,,,,,,,,,,,X
90,Site collection,2 Crows Brewing Ltd. - 2 Crows Brewing_Permanent,https://eyonespace.ey.com/Sites/bd6424f324314fb899a0220544de475b/,,Custom,,Scan To Library Contributor,SharePoint group,Scan To Library Contributor,Explicit,,,X,,,,,,,,,,,,,,,,,
91,Site collection,2 Crows Brewing Ltd. - 2 Crows Brewing_Permanent,https://eyonespace.ey.com/Sites/bd6424f324314fb899a0220544de475b/,,Custom,,Tax Engagement Owners,SharePoint group,Tax Engagement Owners,Explicit,,,X,,,,,,,,,,,,,,,,,
92,Site collection,2 Crows Brewing Ltd. - 2 Crows Brewing_Permanent,https://eyonespace.ey.com/Sites/bd6424f324314fb899a0220544de475b/,,Custom,,Tax File Administrators,SharePoint group,Tax File Administrators,Explicit,,,X,,,,,,,,,,,,,,,,,
93,Site collection,2 Crows Brewing Ltd. - 2 Crows Brewing_Permanent,https://eyonespace.ey.com/Sites/bd6424f324314fb899a0220544de475b/,,Custom,,Tax Quality,SharePoint group,Tax Quality,Explicit,,,X,,,,,,,,,,,,,,,,,
94,Site collection,2 Crows Brewing Ltd. - 2 Crows Brewing_Permanent,https://eyonespace.ey.com/Sites/bd6424f324314fb899a0220544de475b/,,Custom,,EYIOS SharePoint Admin,User,i:0#.w|eydmz\z.tdmispsa.3,Explicit,,,X,,,,,,,,,,,,,,,,,
95,List,2 Crows Brewing Ltd. - 2 Crows Brewing_Permanent_Tasks,https://eyonespace.ey.com/Sites/bd6424f324314fb899a0220544de475b/Lists/WorkflowTasks/,,Inherited,,,,,,,,,,,,,,,,,,,,,,,,,
96,List,2 Crows Brewing Ltd. - 2 Crows Brewing_Permanent_Tools,https://eyonespace.ey.com/Sites/bd6424f324314fb899a0220544de475b/Lists/EngagementTools/,,Inherited,,,,,,,,,,,,,,,,,,,,,,,,,
97,List,Approval Steps,https://eyonespace.ey.com/Sites/bd6424f324314fb899a0220544de475b/Lists/EYOSApprovalStepslist/,,Custom,,(Internal) Team Member Restricted,SharePoint group,(Internal) Team Member Restricted,Explicit,,,,,X,,,,,,,,,,,,,,,
98,List,Approval Steps,https://eyonespace.ey.com/Sites/bd6424f324314fb899a0220544de475b/Lists/EYOSApprovalStepslist/,,Custom,,(Internal) Team Members,SharePoint group,(Internal) Team Members,Explicit,,,,,X,,,,,,,,,,,,,,,
99,List,Approval Steps,https://eyonespace.ey.com/Sites/bd6424f324314fb899a0220544de475b/Lists/EYOSApprovalStepslist/,,Custom,,Engagement Home Members,SharePoint group,Engagement Home Members,Explicit,,,,,X,,,,,,,,,,,,,,,
100,List,Approval Steps,https://eyonespace.ey.com/Sites/bd6424f324314fb899a0220544de475b/Lists/EYOSApprovalStepslist/,,Custom,,Engagement Home Visitors,SharePoint group,Engagement Home Visitors,Explicit,,,,,X,,,,,,,,,,,,,,,
101,List,Approval Steps,https://eyonespace.ey.com/Sites/bd6424f324314fb899a0220544de475b/Lists/EYOSApprovalStepslist/,,Custom,,Tax Engagement Owners,SharePoint group,Tax Engagement Owners,Explicit,,,X,,,,,,,,,,,,,,,,,
102,List,Approval Steps,https://eyonespace.ey.com/Sites/bd6424f324314fb899a0220544de475b/Lists/EYOSApprovalStepslist/,,Custom,,Tax File Administrators,SharePoint group,Tax File Administrators,Explicit,,,X,,,,,,,,,,,,,,,,,
103,List,Approval Steps,https://eyonespace.ey.com/Sites/bd6424f324314fb899a0220544de475b/Lists/EYOSApprovalStepslist/,,Custom,,Tax Quality,SharePoint group,Tax Quality,Explicit,,,,,X,,,,,,,,,,,,,,,
104,List,Approval Steps,https://eyonespace.ey.com/Sites/bd6424f324314fb899a0220544de475b/Lists/EYOSApprovalStepslist/,,Custom,,EYIOS SharePoint Admin,User,i:0#.w|eydmz\z.tdmispsa.3,Explicit,,,X,,,,,,,,,,,,,,,,,
105,List,Approval Workflows,https://eyonespace.ey.com/Sites/bd6424f324314fb899a0220544de475b/Lists/EYOSApprovalWorkflowslist/,,Custom,,(Internal) Team Member Restricted,SharePoint group,(Internal) Team Member Restricted,Explicit,,,,,X,,,,,,,,,,,,,,,
106,List,Approval Workflows,https://eyonespace.ey.com/Sites/bd6424f324314fb899a0220544de475b/Lists/EYOSApprovalWorkflowslist/,,Custom,,(Internal) Team Members,SharePoint group,(Internal) Team Members,Explicit,,,,,X,,,,,,,,,,,,,,,
107,List,Approval Workflows,https://eyonespace.ey.com/Sites/bd6424f324314fb899a0220544de475b/Lists/EYOSApprovalWorkflowslist/,,Custom,,Engagement Home Members,SharePoint group,Engagement Home Members,Explicit,,,,,X,,,,,,,,,,,,,,,
108,List,Approval Workflows,https://eyonespace.ey.com/Sites/bd6424f324314fb899a0220544de475b/Lists/EYOSApprovalWorkflowslist/,,Custom,,Engagement Home Visitors,SharePoint group,Engagement Home Visitors,Explicit,,,,,X,,,,,,,,,,,,,,,
109,List,Approval Workflows,https://eyonespace.ey.com/Sites/bd6424f324314fb899a0220544de475b/Lists/EYOSApprovalWorkflowslist/,,Custom,,Tax Engagement Owners,SharePoint group,Tax Engagement Owners,Explicit,,,X,,,,,,,,,,,,,,,,,
110,List,Approval Workflows,https://eyonespace.ey.com/Sites/bd6424f324314fb899a0220544de475b/Lists/EYOSApprovalWorkflowslist/,,Custom,,Tax File Administrators,SharePoint group,Tax File Administrators,Explicit,,,X,,,,,,,,,,,,,,,,,
111,List,Approval Workflows,https://eyonespace.ey.com/Sites/bd6424f324314fb899a0220544de475b/Lists/EYOSApprovalWorkflowslist/,,Custom,,Tax Quality,SharePoint group,Tax Quality,Explicit,,,,,X,,,,,,,,,,,,,,,
112,List,Approval Workflows,https://eyonespace.ey.com/Sites/bd6424f324314fb899a0220544de475b/Lists/EYOSApprovalWorkflowslist/,,Custom,,EYIOS SharePoint Admin,User,i:0#.w|eydmz\z.tdmispsa.3,Explicit,,,X,,,,,,,,,,,,,,,,,
113,List,Connected Libraries,https://eyonespace.ey.com/Sites/bd6424f324314fb899a0220544de475b/Lists/ConnectedLibraries/,,Inherited,,,,,,,,,,,,,,,,,,,,,,,,,
114,List,Connected Lists,https://eyonespace.ey.com/Sites/bd6424f324314fb899a0220544de475b/Lists/ConnectedLists/,,Inherited,,,,,,,,,,,,,,,,,,,,,,,,,
115,List,Document Copy Audit,https://eyonespace.ey.com/Sites/bd6424f324314fb899a0220544de475b/Lists/DocumentCopyAudit/,,Custom,,(Internal) Team Member Restricted,SharePoint group,(Internal) Team Member Restricted,Explicit,,,X,,,,,,,,,,,,,,,,,
116,List,Document Copy Audit,https://eyonespace.ey.com/Sites/bd6424f324314fb899a0220544de475b/Lists/DocumentCopyAudit/,,Custom,,(Internal) Team Members,SharePoint group,(Internal) Team Members,Explicit,,,X,,,,,,,,,,,,,,,,,
117,List,Document Copy Audit,https://eyonespace.ey.com/Sites/bd6424f324314fb899a0220544de475b/Lists/DocumentCopyAudit/,,Custom,,Tax Engagement Owners,SharePoint group,Tax Engagement Owners,Explicit,,,X,,,,,,,,,,,,,,,,,
118,List,Document Copy Audit,https://eyonespace.ey.com/Sites/bd6424f324314fb899a0220544de475b/Lists/DocumentCopyAudit/,,Custom,,Tax File Administrators,SharePoint group,Tax File Administrators,Explicit,,,X,,,,,,,,,,,,,,,,,
119,List,Document Copy Audit,https://eyonespace.ey.com/Sites/bd6424f324314fb899a0220544de475b/Lists/DocumentCopyAudit/,,Custom,,EYIOS SharePoint Admin,User,i:0#.w|eydmz\z.tdmispsa.3,Explicit,,,X,,,,,,,,,,,,,,,,,
120,List,Engagement Library Status,https://eyonespace.ey.com/Sites/bd6424f324314fb899a0220544de475b/Lists/EngagementLibraryStatus/,,Custom,,(Internal) Team Member Restricted,SharePoint group,(Internal) Team Member Restricted,Explicit,,,X,,,,,,,,,,,,,,,,,
121,List,Engagement Library Status,https://eyonespace.ey.com/Sites/bd6424f324314fb899a0220544de475b/Lists/EngagementLibraryStatus/,,Custom,,(Internal) Team Members,SharePoint group,(Internal) Team Members,Explicit,,,X,,,,,,,,,,,,,,,,,
122,List,Engagement Library Status,https://eyonespace.ey.com/Sites/bd6424f324314fb899a0220544de475b/Lists/EngagementLibraryStatus/,,Custom,,Tax Engagement Owners,SharePoint group,Tax Engagement Owners,Explicit,,,X,,,,,,,,,,,,,,,,,
123,List,Engagement Library Status,https://eyonespace.ey.com/Sites/bd6424f324314fb899a0220544de475b/Lists/EngagementLibraryStatus/,,Custom,,Tax File Administrators,SharePoint group,Tax File Administrators,Explicit,,,X,,,,,,,,,,,,,,,,,
124,List,Engagement Library Status,https://eyonespace.ey.com/Sites/bd6424f324314fb899a0220544de475b/Lists/EngagementLibraryStatus/,,Custom,,EYIOS SharePoint Admin,User,i:0#.w|eydmz\z.tdmispsa.3,Explicit,,,X,,,,,,,,,,,,,,,,,
125,List,EYI My Docs Workflow Mapping,https://eyonespace.ey.com/Sites/bd6424f324314fb899a0220544de475b/Lists/EYOSWorkflowMapping/,,Custom,,(Internal) Team Member Restricted,SharePoint group,(Internal) Team Member Restricted,Explicit,,,,,X,,,,,,,,,,,,,,,
126,List,EYI My Docs Workflow Mapping,https://eyonespace.ey.com/Sites/bd6424f324314fb899a0220544de475b/Lists/EYOSWorkflowMapping/,,Custom,,(Internal) Team Members,SharePoint group,(Internal) Team Members,Explicit,,,,,X,,,,,,,,,,,,,,,
127,List,EYI My Docs Workflow Mapping,https://eyonespace.ey.com/Sites/bd6424f324314fb899a0220544de475b/Lists/EYOSWorkflowMapping/,,Custom,,Engagement Home Members,SharePoint group,Engagement Home Members,Explicit,,,,,X,,,,,,,,,,,,,,,
128,List,EYI My Docs Workflow Mapping,https://eyonespace.ey.com/Sites/bd6424f324314fb899a0220544de475b/Lists/EYOSWorkflowMapping/,,Custom,,Engagement Home Visitors,SharePoint group,Engagement Home Visitors,Explicit,,,,,X,,,,,,,,,,,,,,,
129,List,EYI My Docs Workflow Mapping,https://eyonespace.ey.com/Sites/bd6424f324314fb899a0220544de475b/Lists/EYOSWorkflowMapping/,,Custom,,Tax Engagement Owners,SharePoint group,Tax Engagement Owners,Explicit,,,X,,,,,,,,,,,,,,,,,
130,List,EYI My Docs Workflow Mapping,https://eyonespace.ey.com/Sites/bd6424f324314fb899a0220544de475b/Lists/EYOSWorkflowMapping/,,Custom,,Tax File Administrators,SharePoint group,Tax File Administrators,Explicit,,,X,,,,,,,,,,,,,,,,,
131,List,EYI My Docs Workflow Mapping,https://eyonespace.ey.com/Sites/bd6424f324314fb899a0220544de475b/Lists/EYOSWorkflowMapping/,,Custom,,Tax Quality,SharePoint group,Tax Quality,Explicit,,,,,X,,,,,,,,,,,,,,,
132,List,EYI My Docs Workflow Mapping,https://eyonespace.ey.com/Sites/bd6424f324314fb899a0220544de475b/Lists/EYOSWorkflowMapping/,,Custom,,EYIOS SharePoint Admin,User,i:0#.w|eydmz\z.tdmispsa.3,Explicit,,,X,,,,,,,,,,,,,,,,,
133,Document library,2 Crows Brewing Ltd. - 2 Crows Brewing_Permanent_Library,https://eyonespace.ey.com/Sites/bd6424f324314fb899a0220544de475b/EngagementDocumentLibrary/,,Custom,,(Internal) Team Member Restricted,SharePoint group,(Internal) Team Member Restricted,Explicit,,,X,,,,,,,,,,,,,,,,,
134,Document library,2 Crows Brewing Ltd. - 2 Crows Brewing_Permanent_Library,https://eyonespace.ey.com/Sites/bd6424f324314fb899a0220544de475b/EngagementDocumentLibrary/,,Custom,,(Internal) Team Members,SharePoint group,(Internal) Team Members,Explicit,,,X,,,,,,,,,,,,,,,,,
135,Document library,2 Crows Brewing Ltd. - 2 Crows Brewing_Permanent_Library,https://eyonespace.ey.com/Sites/bd6424f324314fb899a0220544de475b/EngagementDocumentLibrary/,,Custom,,Business Unit Access,SharePoint group,Business Unit Access,Explicit,,,X,,,,,,,,,,,,,,,,,
136,Document library,2 Crows Brewing Ltd. - 2 Crows Brewing_Permanent_Library,https://eyonespace.ey.com/Sites/bd6424f324314fb899a0220544de475b/EngagementDocumentLibrary/,,Custom,,Engagement Home Members,SharePoint group,Engagement Home Members,Explicit,,,X,,,,,,,,,,,,,,,,,
137,Document library,2 Crows Brewing Ltd. - 2 Crows Brewing_Permanent_Library,https://eyonespace.ey.com/Sites/bd6424f324314fb899a0220544de475b/EngagementDocumentLibrary/,,Custom,,Engagement Home Owners,SharePoint group,Engagement Home Owners,Explicit,,,X,,,,,,,,,,,,,,,,,
138,Document library,2 Crows Brewing Ltd. - 2 Crows Brewing_Permanent_Library,https://eyonespace.ey.com/Sites/bd6424f324314fb899a0220544de475b/EngagementDocumentLibrary/,,Custom,,Engagement Home Visitors,SharePoint group,Engagement Home Visitors,Explicit,,,,,X,,,,,,,,,,,,,,,
139,Document library,2 Crows Brewing Ltd. - 2 Crows Brewing_Permanent_Library,https://eyonespace.ey.com/Sites/bd6424f324314fb899a0220544de475b/EngagementDocumentLibrary/,,Custom,,eViewer Contributor,SharePoint group,eViewer Contributor,Explicit,,,X,,,,,,,,,,,,,,,,,
140,Document library,2 Crows Brewing Ltd. - 2 Crows Brewing_Permanent_Library,https://eyonespace.ey.com/Sites/bd6424f324314fb899a0220544de475b/EngagementDocumentLibrary/,,Custom,,Excel Services Viewers,SharePoint group,Excel Services Viewers,Explicit,,,,,,,,,,,,,,,,,,,,X
141,Document library,2 Crows Brewing Ltd. - 2 Crows Brewing_Permanent_Library,https://eyonespace.ey.com/Sites/bd6424f324314fb899a0220544de475b/EngagementDocumentLibrary/,,Custom,,Scan To Library Contributor,SharePoint group,Scan To Library Contributor,Explicit,,,X,,,,,,,,,,,,,,,,,
142,Document library,2 Crows Brewing Ltd. - 2 Crows Brewing_Permanent_Library,https://eyonespace.ey.com/Sites/bd6424f324314fb899a0220544de475b/EngagementDocumentLibrary/,,Custom,,Tax Engagement Owners,SharePoint group,Tax Engagement Owners,Explicit,,,X,,,,,,,,,,,,,,,,,
143,Document library,2 Crows Brewing Ltd. - 2 Crows Brewing_Permanent_Library,https://eyonespace.ey.com/Sites/bd6424f324314fb899a0220544de475b/EngagementDocumentLibrary/,,Custom,,Tax File Administrators,SharePoint group,Tax File Administrators,Explicit,,,X,,,,,,,,,,,,,,,,,
144,Document library,2 Crows Brewing Ltd. - 2 Crows Brewing_Permanent_Library,https://eyonespace.ey.com/Sites/bd6424f324314fb899a0220544de475b/EngagementDocumentLibrary/,,Custom,,Tax Quality,SharePoint group,Tax Quality,Explicit,,,X,,,,,,,,,,,,,,,,,
145,Document library,2 Crows Brewing Ltd. - 2 Crows Brewing_Permanent_Library,https://eyonespace.ey.com/Sites/bd6424f324314fb899a0220544de475b/EngagementDocumentLibrary/,,Custom,,EYIOS SharePoint Admin,User,i:0#.w|eydmz\z.tdmispsa.3,Explicit,,,X,,,,,,,,,,,,,,,,,
146,Document library,Form Templates,https://eyonespace.ey.com/Sites/bd6424f324314fb899a0220544de475b/FormServerTemplates/,,Inherited,,,,,,,,,,,,,,,,,,,,,,,,,
147,Document library,Site Pages,https://eyonespace.ey.com/Sites/bd6424f324314fb899a0220544de475b/SitePages/,,Custom,,(Internal) Team Member Restricted,SharePoint group,(Internal) Team Member Restricted,Explicit,,,,,,,X,,,X,,,,,,,,,,
148,Document library,Site Pages,https://eyonespace.ey.com/Sites/bd6424f324314fb899a0220544de475b/SitePages/,,Custom,,(Internal) Team Members,SharePoint group,(Internal) Team Members,Explicit,,,,,,,X,,,,,,,,,X,,,,
149,Document library,Site Pages,https://eyonespace.ey.com/Sites/bd6424f324314fb899a0220544de475b/SitePages/,,Custom,,Business Unit Access,SharePoint group,Business Unit Access,Explicit,,,,,X,,,,X,,,,,,,,,,,
150,Document library,Site Pages,https://eyonespace.ey.com/Sites/bd6424f324314fb899a0220544de475b/SitePages/,,Custom,,Engagement Home Members,SharePoint group,Engagement Home Members,Explicit,,,X,,,,,,,,,,,,,,,,,
151,Document library,Site Pages,https://eyonespace.ey.com/Sites/bd6424f324314fb899a0220544de475b/SitePages/,,Custom,,Engagement Home Owners,SharePoint group,Engagement Home Owners,Explicit,,,X,,,,,,,,,,,,,,,,,
152,Document library,Site Pages,https://eyonespace.ey.com/Sites/bd6424f324314fb899a0220544de475b/SitePages/,,Custom,,Engagement Home Visitors,SharePoint group,Engagement Home Visitors,Explicit,,,,,X,,,,,,,,,,,,,,,
153,Document library,Site Pages,https://eyonespace.ey.com/Sites/bd6424f324314fb899a0220544de475b/SitePages/,,Custom,,eViewer Contributor,SharePoint group,eViewer Contributor,Explicit,,,X,,,,,,,,,,,,,,,,,
154,Document library,Site Pages,https://eyonespace.ey.com/Sites/bd6424f324314fb899a0220544de475b/SitePages/,,Custom,,Excel Services Viewers,SharePoint group,Excel Services Viewers,Explicit,,,,,,,,,,,,,,,,,,,,X
155,Document library,Site Pages,https://eyonespace.ey.com/Sites/bd6424f324314fb899a0220544de475b/SitePages/,,Custom,,Scan To Library Contributor,SharePoint group,Scan To Library Contributor,Explicit,,,X,,,,,,,,,,,,,,,,,
156,Document library,Site Pages,https://eyonespace.ey.com/Sites/bd6424f324314fb899a0220544de475b/SitePages/,,Custom,,Tax Engagement Owners,SharePoint group,Tax Engagement Owners,Explicit,,,X,,,,,,,,,,,,,,,,,
157,Document library,Site Pages,https://eyonespace.ey.com/Sites/bd6424f324314fb899a0220544de475b/SitePages/,,Custom,,Tax File Administrators,SharePoint group,Tax File Administrators,Explicit,,,,,X,,,,,,,,,,X,,,,,
158,Document library,Site Pages,https://eyonespace.ey.com/Sites/bd6424f324314fb899a0220544de475b/SitePages/,,Custom,,Tax Quality,SharePoint group,Tax Quality,Explicit,,,X,,,,,,,,,,,,,,,,,
159,Document library,Site Pages,https://eyonespace.ey.com/Sites/bd6424f324314fb899a0220544de475b/SitePages/,,Custom,,EYIOS SharePoint Admin,User,i:0#.w|eydmz\z.tdmispsa.3,Explicit,,,X,,,,,,,,,,,,,,,,,
160,Document library,Workspace Reports Library,https://eyonespace.ey.com/Sites/bd6424f324314fb899a0220544de475b/WorkspaceReportsLibrary/,,Inherited,,,,,,,,,,,,,,,,,,,,,,,,,
