source,destination,migrationdate,BannerColor
https://eyonespace.ey.com/Sites/83c76c2d66864dc8b770ceb465bf5e94,Test,12/19/2019,YELLOW
https://eyonespace.ey.com/Sites/83c76c2d66864dc8b770ceb465bf5e94,Test,12/19/2019,RED
https://eyonespace.ey.com/Sites/83c76c2d66864dc8b770ceb465bf5e94,https://eytaxca.sharepoint.com/Sites/c7dee394af9043d1b3edf836c1e9ea37,12/19/2019,ORANGE
https://eyonespace.ey.com/Sites/83c76c2d66864dc8b770ceb465bf5e94,https://eytaxca.sharepoint.com/Sites/c7dee394af9043d1b3edf836c1e9ea37,12/19/2019,GRAY

