﻿OriginalURL,TargetURL,MigrationStartDate,BannerType,SourceType
https://eygermany.sharepoint.com/sites/eyimdROU-0027597-MM,https://tdm.ey.net/sites/9aef6c503ccb4945926c12fc442fdbf0,6/8/2021,T-1,spo
https://eygermany.sharepoint.com/sites/eyimdROU-0027713-MM,https://tdm.ey.net/sites/ac98cf70ceb14c9ba9c6a1ab06c5aac6,6/8/2021,T-1,spo
https://eygermany.sharepoint.com/sites/eyimdROU-0027745-MM,https://tdm.ey.net/sites/b2257c17544a405199d4cb4e7452b8a7,6/8/2021,T-1,spo
https://eygermany.sharepoint.com/sites/eyimdROU-0027759-MM,https://tdm.ey.net/sites/b90647aac3a74fde86aad8913bab3dc5,6/8/2021,T-1,spo
https://eygermany.sharepoint.com/sites/eyimdROU-0027808-MM,https://tdm.ey.net/sites/dad6a44ad03a4ed99d599bb24b3f3332,6/8/2021,T-1,spo
https://eygermany.sharepoint.com/sites/eyimdROU-0027945-MM,https://tdm.ey.net/sites/f496dcc9f0de4081baeeba7e2680c323,6/8/2021,T-1,spo